TestID,Category,Module / Page,Test Case,Method,Environment,Status,Observed Result (evidence),Executed At
MOB-STATIC-00001,Compatibility,Dashboard,safe area insets used,Static Analysis,"Mobile source (React Native/Expo) — static analysis, no device needed",Pass,Found useSafeAreaInsets() in screens/main/DashboardScreen.tsx,2026-07-29T06:26:49.859Z
MOB-STATIC-00002,UI/UX,Dashboard,keyboard avoiding view present,Static Analysis,"Mobile source (React Native/Expo) — static analysis, no device needed",Pass,No TextInput on this screen — nothing to avoid,2026-07-29T06:26:49.859Z
MOB-STATIC-00003,Functional,Dashboard,async calls have error handling,Static Analysis,"Mobile source (React Native/Expo) — static analysis, no device needed",Pass,No async data-fetch calls on this screen,2026-07-29T06:26:49.861Z
MOB-STATIC-00004,Accessibility,Dashboard,interactive elements have accessibility hooks,Static Analysis,"Mobile source (React Native/Expo) — static analysis, no device needed",Pass,1 accessibilityLabel/testID attribute(s) found across 9 touchable element(s) in screens/main/DashboardScreen.tsx,2026-07-29T06:26:49.861Z
MOB-STATIC-00005,Functional,Dashboard,no leftover debug markers,Static Analysis,"Mobile source (React Native/Expo) — static analysis, no device needed",Pass,No console.log/TODO/FIXME markers found,2026-07-29T06:26:49.862Z
MOB-STATIC-00006,Code Quality,Dashboard,uses stylesheet create,Static Analysis,"Mobile source (React Native/Expo) — static analysis, no device needed",Pass,Found StyleSheet.create( in screens/main/DashboardScreen.tsx,2026-07-29T06:26:49.862Z
MOB-STATIC-00007,UI/UX,Dashboard,shows loading state during fetch,Static Analysis,"Mobile source (React Native/Expo) — static analysis, no device needed",Pass,Found ActivityIndicator/SkeletonLoader in screens/main/DashboardScreen.tsx,2026-07-29T06:26:49.862Z
MOB-STATIC-00008,UI/UX,Dashboard,handles empty state when no data,Static Analysis,"Mobile source (React Native/Expo) — static analysis, no device needed",Fail,No empty-state handling pattern in screens/main/DashboardScreen.tsx,2026-07-29T06:26:49.864Z
MOB-STATIC-00009,Functional,Dashboard,flatlist or sectionlist has key extractor,Static Analysis,"Mobile source (React Native/Expo) — static analysis, no device needed",Pass,No FlatList/SectionList on this screen,2026-07-29T06:26:49.864Z
MOB-STATIC-00010,Code Quality,Dashboard,typed props or navigation defined,Static Analysis,"Mobile source (React Native/Expo) — static analysis, no device needed",Pass,Found typed Props/navigation generic in screens/main/DashboardScreen.tsx,2026-07-29T06:26:49.864Z
MOB-STATIC-00011,Code Quality,Dashboard,no untyped any usage,Static Analysis,"Mobile source (React Native/Expo) — static analysis, no device needed",Pass,No untyped `: any` usage,2026-07-29T06:26:49.865Z
MOB-STATIC-00012,Mobile-Specific,Dashboard,screen has testid coverage,Static Analysis,"Mobile source (React Native/Expo) — static analysis, no device needed",Fail,No testID attribute(s) in screens/main/DashboardScreen.tsx,2026-07-29T06:26:49.865Z
MOB-STATIC-00013,Functional,Dashboard,imports service layer not raw fetch,Static Analysis,"Mobile source (React Native/Expo) — static analysis, no device needed",Pass,"services/hooks/context import=True, raw fetch()=not used in screens/main/DashboardScreen.tsx",2026-07-29T06:26:49.865Z
MOB-STATIC-00014,Mobile-Specific,Dashboard,no hardcoded backend url in screen,Static Analysis,"Mobile source (React Native/Expo) — static analysis, no device needed",Pass,No literal http(s):// URL in screen source,2026-07-29T06:26:49.865Z
MOB-STATIC-00015,UI/UX,Dashboard,uses theme hook for colors,Static Analysis,"Mobile source (React Native/Expo) — static analysis, no device needed",Pass,Found useTheme() call in screens/main/DashboardScreen.tsx,2026-07-29T06:26:49.865Z
MOB-STATIC-00016,UI/UX,Dashboard,touchables have active opacity or pressable,Static Analysis,"Mobile source (React Native/Expo) — static analysis, no device needed",Pass,activeOpacity=/Pressable present in screens/main/DashboardScreen.tsx,2026-07-29T06:26:49.865Z
MOB-STATIC-00017,Accessibility,Dashboard,accessibility role declared on touchables,Static Analysis,"Mobile source (React Native/Expo) — static analysis, no device needed",Pass,Found accessibilityRole= among 9 touchable(s) in screens/main/DashboardScreen.tsx,2026-07-29T06:26:49.865Z
MOB-STATIC-00018,Compatibility,Dashboard,safe area inset applied to layout,Static Analysis,"Mobile source (React Native/Expo) — static analysis, no device needed",Pass,Found insets.top/insets.bottom usage in a style/layout in screens/main/DashboardScreen.tsx,2026-07-29T06:26:49.865Z
MOB-STATIC-00019,UI/UX,Dashboard,email input has correct keyboard type,Static Analysis,"Mobile source (React Native/Expo) — static analysis, no device needed",Pass,No email-labeled input on this screen,2026-07-29T06:26:49.867Z
MOB-STATIC-00020,Security,Dashboard,password inputs use secure text entry,Static Analysis,"Mobile source (React Native/Expo) — static analysis, no device needed",Pass,No password-labeled input on this screen,2026-07-29T06:26:49.867Z
MOB-STATIC-00021,Mobile-Specific,Dashboard,animated values use native driver,Static Analysis,"Mobile source (React Native/Expo) — static analysis, no device needed",Pass,useNativeDriver: true present in screens/main/DashboardScreen.tsx,2026-07-29T06:26:49.867Z
MOB-STATIC-00022,Code Quality,Dashboard,component has default export,Static Analysis,"Mobile source (React Native/Expo) — static analysis, no device needed",Pass,Found export default in screens/main/DashboardScreen.tsx,2026-07-29T06:26:49.867Z
MOB-STATIC-00023,Functional,Dashboard,screen registered in a navigator,Static Analysis,"Mobile source (React Native/Expo) — static analysis, no device needed",Pass,Found import/reference of DashboardScreen in navigation/*Navigator.tsx,2026-07-29T06:26:49.867Z
MOB-STATIC-00024,Code Quality,Dashboard,uses react fc typed component,Static Analysis,"Mobile source (React Native/Expo) — static analysis, no device needed",Pass,Found `: React.FC` typed component declaration in screens/main/DashboardScreen.tsx,2026-07-29T06:26:49.867Z
MOB-STATIC-00025,Functional,Dashboard,list items have stable keys in map,Static Analysis,"Mobile source (React Native/Expo) — static analysis, no device needed",Pass,key={...} present alongside .map( in screens/main/DashboardScreen.tsx,2026-07-29T06:26:49.867Z
MOB-STATIC-00026,UI/UX,Dashboard,scrollview has content container style,Static Analysis,"Mobile source (React Native/Expo) — static analysis, no device needed",Pass,contentContainerStyle present in screens/main/DashboardScreen.tsx,2026-07-29T06:26:49.867Z
MOB-STATIC-00027,UI/UX,Dashboard,uses vector icons library,Static Analysis,"Mobile source (React Native/Expo) — static analysis, no device needed",Pass,Found @expo/vector-icons import in screens/main/DashboardScreen.tsx,2026-07-29T06:26:49.867Z
MOB-STATIC-00028,Code Quality,Dashboard,screen file line count reasonable,Static Analysis,"Mobile source (React Native/Expo) — static analysis, no device needed",Pass,screens/main/DashboardScreen.tsx is 360 lines (within the 700-line maintainability guideline),2026-07-29T06:26:49.867Z
MOB-STATIC-00029,UI/UX,Dashboard,user facing error alert on catch,Static Analysis,"Mobile source (React Native/Expo) — static analysis, no device needed",Pass,No catch block on this screen,2026-07-29T06:26:49.867Z
MOB-STATIC-00030,Compatibility,Sleep Tracker,safe area insets used,Static Analysis,"Mobile source (React Native/Expo) — static analysis, no device needed",Pass,Found useSafeAreaInsets() in screens/main/SleepScreen.tsx,2026-07-29T06:26:49.867Z
MOB-STATIC-00031,UI/UX,Sleep Tracker,keyboard avoiding view present,Static Analysis,"Mobile source (React Native/Expo) — static analysis, no device needed",Pass,KeyboardAvoidingView wraps the input field(s) in screens/main/SleepScreen.tsx,2026-07-29T06:26:49.867Z
MOB-STATIC-00032,Functional,Sleep Tracker,async calls have error handling,Static Analysis,"Mobile source (React Native/Expo) — static analysis, no device needed",Pass,try/catch present around async calls in screens/main/SleepScreen.tsx,2026-07-29T06:26:49.867Z
MOB-STATIC-00033,Accessibility,Sleep Tracker,interactive elements have accessibility hooks,Static Analysis,"Mobile source (React Native/Expo) — static analysis, no device needed",Pass,4 accessibilityLabel/testID attribute(s) found across 8 touchable element(s) in screens/main/SleepScreen.tsx,2026-07-29T06:26:49.868Z
MOB-STATIC-00034,Functional,Sleep Tracker,no leftover debug markers,Static Analysis,"Mobile source (React Native/Expo) — static analysis, no device needed",Pass,No console.log/TODO/FIXME markers found,2026-07-29T06:26:49.868Z
MOB-STATIC-00035,Code Quality,Sleep Tracker,uses stylesheet create,Static Analysis,"Mobile source (React Native/Expo) — static analysis, no device needed",Pass,Found StyleSheet.create( in screens/main/SleepScreen.tsx,2026-07-29T06:26:49.868Z
MOB-STATIC-00036,UI/UX,Sleep Tracker,shows loading state during fetch,Static Analysis,"Mobile source (React Native/Expo) — static analysis, no device needed",Pass,Found ActivityIndicator/SkeletonLoader in screens/main/SleepScreen.tsx,2026-07-29T06:26:49.868Z
MOB-STATIC-00037,UI/UX,Sleep Tracker,handles empty state when no data,Static Analysis,"Mobile source (React Native/Expo) — static analysis, no device needed",Fail,No empty-state handling pattern in screens/main/SleepScreen.tsx,2026-07-29T06:26:49.869Z
MOB-STATIC-00038,Functional,Sleep Tracker,flatlist or sectionlist has key extractor,Static Analysis,"Mobile source (React Native/Expo) — static analysis, no device needed",Pass,No FlatList/SectionList on this screen,2026-07-29T06:26:49.869Z
MOB-STATIC-00039,Code Quality,Sleep Tracker,typed props or navigation defined,Static Analysis,"Mobile source (React Native/Expo) — static analysis, no device needed",Fail,Missing typed Props/navigation generic in screens/main/SleepScreen.tsx,2026-07-29T06:26:49.869Z
MOB-STATIC-00040,Code Quality,Sleep Tracker,no untyped any usage,Static Analysis,"Mobile source (React Native/Expo) — static analysis, no device needed",Pass,No untyped `: any` usage,2026-07-29T06:26:49.869Z
MOB-STATIC-00041,Mobile-Specific,Sleep Tracker,screen has testid coverage,Static Analysis,"Mobile source (React Native/Expo) — static analysis, no device needed",Fail,No testID attribute(s) in screens/main/SleepScreen.tsx,2026-07-29T06:26:49.869Z
MOB-STATIC-00042,Functional,Sleep Tracker,imports service layer not raw fetch,Static Analysis,"Mobile source (React Native/Expo) — static analysis, no device needed",Pass,"services/hooks/context import=True, raw fetch()=not used in screens/main/SleepScreen.tsx",2026-07-29T06:26:49.869Z
MOB-STATIC-00043,Mobile-Specific,Sleep Tracker,no hardcoded backend url in screen,Static Analysis,"Mobile source (React Native/Expo) — static analysis, no device needed",Pass,No literal http(s):// URL in screen source,2026-07-29T06:26:49.869Z
MOB-STATIC-00044,UI/UX,Sleep Tracker,uses theme hook for colors,Static Analysis,"Mobile source (React Native/Expo) — static analysis, no device needed",Pass,Found useTheme() call in screens/main/SleepScreen.tsx,2026-07-29T06:26:49.869Z
MOB-STATIC-00045,UI/UX,Sleep Tracker,touchables have active opacity or pressable,Static Analysis,"Mobile source (React Native/Expo) — static analysis, no device needed",Pass,activeOpacity=/Pressable present in screens/main/SleepScreen.tsx,2026-07-29T06:26:49.869Z
MOB-STATIC-00046,Accessibility,Sleep Tracker,accessibility role declared on touchables,Static Analysis,"Mobile source (React Native/Expo) — static analysis, no device needed",Pass,Found accessibilityRole= among 8 touchable(s) in screens/main/SleepScreen.tsx,2026-07-29T06:26:49.869Z
MOB-STATIC-00047,Compatibility,Sleep Tracker,safe area inset applied to layout,Static Analysis,"Mobile source (React Native/Expo) — static analysis, no device needed",Pass,Found insets.top/insets.bottom usage in a style/layout in screens/main/SleepScreen.tsx,2026-07-29T06:26:49.869Z
MOB-STATIC-00048,UI/UX,Sleep Tracker,email input has correct keyboard type,Static Analysis,"Mobile source (React Native/Expo) — static analysis, no device needed",Pass,No email-labeled input on this screen,2026-07-29T06:26:49.869Z
MOB-STATIC-00049,Security,Sleep Tracker,password inputs use secure text entry,Static Analysis,"Mobile source (React Native/Expo) — static analysis, no device needed",Pass,No password-labeled input on this screen,2026-07-29T06:26:49.869Z
MOB-STATIC-00050,Mobile-Specific,Sleep Tracker,animated values use native driver,Static Analysis,"Mobile source (React Native/Expo) — static analysis, no device needed",Pass,No Animated.timing/Animated.Value on this screen,2026-07-29T06:26:49.869Z
MOB-STATIC-00051,Code Quality,Sleep Tracker,component has default export,Static Analysis,"Mobile source (React Native/Expo) — static analysis, no device needed",Pass,Found export default in screens/main/SleepScreen.tsx,2026-07-29T06:26:49.869Z
MOB-STATIC-00052,Functional,Sleep Tracker,screen registered in a navigator,Static Analysis,"Mobile source (React Native/Expo) — static analysis, no device needed",Pass,Found import/reference of SleepScreen in navigation/*Navigator.tsx,2026-07-29T06:26:49.869Z
MOB-STATIC-00053,Code Quality,Sleep Tracker,uses react fc typed component,Static Analysis,"Mobile source (React Native/Expo) — static analysis, no device needed",Pass,Found `: React.FC` typed component declaration in screens/main/SleepScreen.tsx,2026-07-29T06:26:49.869Z
MOB-STATIC-00054,Functional,Sleep Tracker,list items have stable keys in map,Static Analysis,"Mobile source (React Native/Expo) — static analysis, no device needed",Pass,key={...} present alongside .map( in screens/main/SleepScreen.tsx,2026-07-29T06:26:49.869Z
MOB-STATIC-00055,UI/UX,Sleep Tracker,scrollview has content container style,Static Analysis,"Mobile source (React Native/Expo) — static analysis, no device needed",Pass,contentContainerStyle present in screens/main/SleepScreen.tsx,2026-07-29T06:26:49.869Z
MOB-STATIC-00056,UI/UX,Sleep Tracker,uses vector icons library,Static Analysis,"Mobile source (React Native/Expo) — static analysis, no device needed",Pass,Found @expo/vector-icons import in screens/main/SleepScreen.tsx,2026-07-29T06:26:49.869Z
MOB-STATIC-00057,Code Quality,Sleep Tracker,screen file line count reasonable,Static Analysis,"Mobile source (React Native/Expo) — static analysis, no device needed",Pass,screens/main/SleepScreen.tsx is 437 lines (within the 700-line maintainability guideline),2026-07-29T06:26:49.871Z
MOB-STATIC-00058,UI/UX,Sleep Tracker,user facing error alert on catch,Static Analysis,"Mobile source (React Native/Expo) — static analysis, no device needed",Pass,Alert.alert( present alongside catch in screens/main/SleepScreen.tsx,2026-07-29T06:26:49.871Z
MOB-STATIC-00059,Compatibility,Emotion Analysis,safe area insets used,Static Analysis,"Mobile source (React Native/Expo) — static analysis, no device needed",Pass,Found useSafeAreaInsets() in screens/main/EmotionScreen.tsx,2026-07-29T06:26:49.872Z
MOB-STATIC-00060,UI/UX,Emotion Analysis,keyboard avoiding view present,Static Analysis,"Mobile source (React Native/Expo) — static analysis, no device needed",Pass,KeyboardAvoidingView wraps the input field(s) in screens/main/EmotionScreen.tsx,2026-07-29T06:26:49.872Z
MOB-STATIC-00061,Functional,Emotion Analysis,async calls have error handling,Static Analysis,"Mobile source (React Native/Expo) — static analysis, no device needed",Pass,try/catch present around async calls in screens/main/EmotionScreen.tsx,2026-07-29T06:26:49.873Z
MOB-STATIC-00062,Accessibility,Emotion Analysis,interactive elements have accessibility hooks,Static Analysis,"Mobile source (React Native/Expo) — static analysis, no device needed",Pass,7 accessibilityLabel/testID attribute(s) found across 14 touchable element(s) in screens/main/EmotionScreen.tsx,2026-07-29T06:26:49.873Z
MOB-STATIC-00063,Functional,Emotion Analysis,no leftover debug markers,Static Analysis,"Mobile source (React Native/Expo) — static analysis, no device needed",Pass,No console.log/TODO/FIXME markers found,2026-07-29T06:26:49.873Z
MOB-STATIC-00064,Code Quality,Emotion Analysis,uses stylesheet create,Static Analysis,"Mobile source (React Native/Expo) — static analysis, no device needed",Pass,Found StyleSheet.create( in screens/main/EmotionScreen.tsx,2026-07-29T06:26:49.873Z
MOB-STATIC-00065,UI/UX,Emotion Analysis,shows loading state during fetch,Static Analysis,"Mobile source (React Native/Expo) — static analysis, no device needed",Pass,Found ActivityIndicator/SkeletonLoader in screens/main/EmotionScreen.tsx,2026-07-29T06:26:49.873Z
MOB-STATIC-00066,UI/UX,Emotion Analysis,handles empty state when no data,Static Analysis,"Mobile source (React Native/Expo) — static analysis, no device needed",Pass,Found empty-state handling pattern in screens/main/EmotionScreen.tsx,2026-07-29T06:26:49.874Z
MOB-STATIC-00067,Functional,Emotion Analysis,flatlist or sectionlist has key extractor,Static Analysis,"Mobile source (React Native/Expo) — static analysis, no device needed",Pass,keyExtractor present in screens/main/EmotionScreen.tsx,2026-07-29T06:26:49.874Z
MOB-STATIC-00068,Code Quality,Emotion Analysis,typed props or navigation defined,Static Analysis,"Mobile source (React Native/Expo) — static analysis, no device needed",Fail,Missing typed Props/navigation generic in screens/main/EmotionScreen.tsx,2026-07-29T06:26:49.874Z
MOB-STATIC-00069,Code Quality,Emotion Analysis,no untyped any usage,Static Analysis,"Mobile source (React Native/Expo) — static analysis, no device needed",Pass,No untyped `: any` usage,2026-07-29T06:26:49.874Z
MOB-STATIC-00070,Mobile-Specific,Emotion Analysis,screen has testid coverage,Static Analysis,"Mobile source (React Native/Expo) — static analysis, no device needed",Fail,No testID attribute(s) in screens/main/EmotionScreen.tsx,2026-07-29T06:26:49.874Z
MOB-STATIC-00071,Functional,Emotion Analysis,imports service layer not raw fetch,Static Analysis,"Mobile source (React Native/Expo) — static analysis, no device needed",Pass,"services/hooks/context import=True, raw fetch()=not used in screens/main/EmotionScreen.tsx",2026-07-29T06:26:49.874Z
MOB-STATIC-00072,Mobile-Specific,Emotion Analysis,no hardcoded backend url in screen,Static Analysis,"Mobile source (React Native/Expo) — static analysis, no device needed",Pass,No literal http(s):// URL in screen source,2026-07-29T06:26:49.874Z
MOB-STATIC-00073,UI/UX,Emotion Analysis,uses theme hook for colors,Static Analysis,"Mobile source (React Native/Expo) — static analysis, no device needed",Pass,Found useTheme() call in screens/main/EmotionScreen.tsx,2026-07-29T06:26:49.874Z
MOB-STATIC-00074,UI/UX,Emotion Analysis,touchables have active opacity or pressable,Static Analysis,"Mobile source (React Native/Expo) — static analysis, no device needed",Pass,activeOpacity=/Pressable present in screens/main/EmotionScreen.tsx,2026-07-29T06:26:49.874Z
MOB-STATIC-00075,Accessibility,Emotion Analysis,accessibility role declared on touchables,Static Analysis,"Mobile source (React Native/Expo) — static analysis, no device needed",Pass,Found accessibilityRole= among 14 touchable(s) in screens/main/EmotionScreen.tsx,2026-07-29T06:26:49.874Z
MOB-STATIC-00076,Compatibility,Emotion Analysis,safe area inset applied to layout,Static Analysis,"Mobile source (React Native/Expo) — static analysis, no device needed",Pass,Found insets.top/insets.bottom usage in a style/layout in screens/main/EmotionScreen.tsx,2026-07-29T06:26:49.874Z
MOB-STATIC-00077,UI/UX,Emotion Analysis,email input has correct keyboard type,Static Analysis,"Mobile source (React Native/Expo) — static analysis, no device needed",Pass,No email-labeled input on this screen,2026-07-29T06:26:49.874Z
MOB-STATIC-00078,Security,Emotion Analysis,password inputs use secure text entry,Static Analysis,"Mobile source (React Native/Expo) — static analysis, no device needed",Pass,No password-labeled input on this screen,2026-07-29T06:26:49.875Z
MOB-STATIC-00079,Mobile-Specific,Emotion Analysis,animated values use native driver,Static Analysis,"Mobile source (React Native/Expo) — static analysis, no device needed",Pass,useNativeDriver: true present in screens/main/EmotionScreen.tsx,2026-07-29T06:26:49.875Z
MOB-STATIC-00080,Code Quality,Emotion Analysis,component has default export,Static Analysis,"Mobile source (React Native/Expo) — static analysis, no device needed",Pass,Found export default in screens/main/EmotionScreen.tsx,2026-07-29T06:26:49.875Z
MOB-STATIC-00081,Functional,Emotion Analysis,screen registered in a navigator,Static Analysis,"Mobile source (React Native/Expo) — static analysis, no device needed",Pass,Found import/reference of EmotionScreen in navigation/*Navigator.tsx,2026-07-29T06:26:49.878Z
MOB-STATIC-00082,Code Quality,Emotion Analysis,uses react fc typed component,Static Analysis,"Mobile source (React Native/Expo) — static analysis, no device needed",Pass,Found `: React.FC` typed component declaration in screens/main/EmotionScreen.tsx,2026-07-29T06:26:49.878Z
MOB-STATIC-00083,Functional,Emotion Analysis,list items have stable keys in map,Static Analysis,"Mobile source (React Native/Expo) — static analysis, no device needed",Pass,key={...} present alongside .map( in screens/main/EmotionScreen.tsx,2026-07-29T06:26:49.878Z
MOB-STATIC-00084,UI/UX,Emotion Analysis,scrollview has content container style,Static Analysis,"Mobile source (React Native/Expo) — static analysis, no device needed",Pass,contentContainerStyle present in screens/main/EmotionScreen.tsx,2026-07-29T06:26:49.878Z
MOB-STATIC-00085,UI/UX,Emotion Analysis,uses vector icons library,Static Analysis,"Mobile source (React Native/Expo) — static analysis, no device needed",Pass,Found @expo/vector-icons import in screens/main/EmotionScreen.tsx,2026-07-29T06:26:49.878Z
MOB-STATIC-00086,Code Quality,Emotion Analysis,screen file line count reasonable,Static Analysis,"Mobile source (React Native/Expo) — static analysis, no device needed",Pass,screens/main/EmotionScreen.tsx is 517 lines (within the 700-line maintainability guideline),2026-07-29T06:26:49.878Z
MOB-STATIC-00087,UI/UX,Emotion Analysis,user facing error alert on catch,Static Analysis,"Mobile source (React Native/Expo) — static analysis, no device needed",Pass,Alert.alert( present alongside catch in screens/main/EmotionScreen.tsx,2026-07-29T06:26:49.878Z
MOB-STATIC-00088,Compatibility,Activity Tracker,safe area insets used,Static Analysis,"Mobile source (React Native/Expo) — static analysis, no device needed",Pass,Found useSafeAreaInsets() in screens/main/ActivityScreen.tsx,2026-07-29T06:26:49.880Z
MOB-STATIC-00089,UI/UX,Activity Tracker,keyboard avoiding view present,Static Analysis,"Mobile source (React Native/Expo) — static analysis, no device needed",Pass,KeyboardAvoidingView wraps the input field(s) in screens/main/ActivityScreen.tsx,2026-07-29T06:26:49.880Z
MOB-STATIC-00090,Functional,Activity Tracker,async calls have error handling,Static Analysis,"Mobile source (React Native/Expo) — static analysis, no device needed",Pass,try/catch present around async calls in screens/main/ActivityScreen.tsx,2026-07-29T06:26:49.880Z
MOB-STATIC-00091,Accessibility,Activity Tracker,interactive elements have accessibility hooks,Static Analysis,"Mobile source (React Native/Expo) — static analysis, no device needed",Pass,2 accessibilityLabel/testID attribute(s) found across 5 touchable element(s) in screens/main/ActivityScreen.tsx,2026-07-29T06:26:49.880Z
MOB-STATIC-00092,Functional,Activity Tracker,no leftover debug markers,Static Analysis,"Mobile source (React Native/Expo) — static analysis, no device needed",Pass,No console.log/TODO/FIXME markers found,2026-07-29T06:26:49.880Z
MOB-STATIC-00093,Code Quality,Activity Tracker,uses stylesheet create,Static Analysis,"Mobile source (React Native/Expo) — static analysis, no device needed",Pass,Found StyleSheet.create( in screens/main/ActivityScreen.tsx,2026-07-29T06:26:49.880Z
MOB-STATIC-00094,UI/UX,Activity Tracker,shows loading state during fetch,Static Analysis,"Mobile source (React Native/Expo) — static analysis, no device needed",Pass,Found ActivityIndicator/SkeletonLoader in screens/main/ActivityScreen.tsx,2026-07-29T06:26:49.880Z
MOB-STATIC-00095,UI/UX,Activity Tracker,handles empty state when no data,Static Analysis,"Mobile source (React Native/Expo) — static analysis, no device needed",Fail,No empty-state handling pattern in screens/main/ActivityScreen.tsx,2026-07-29T06:26:49.881Z
MOB-STATIC-00096,Functional,Activity Tracker,flatlist or sectionlist has key extractor,Static Analysis,"Mobile source (React Native/Expo) — static analysis, no device needed",Pass,No FlatList/SectionList on this screen,2026-07-29T06:26:49.881Z
MOB-STATIC-00097,Code Quality,Activity Tracker,typed props or navigation defined,Static Analysis,"Mobile source (React Native/Expo) — static analysis, no device needed",Pass,Found typed Props/navigation generic in screens/main/ActivityScreen.tsx,2026-07-29T06:26:49.881Z
MOB-STATIC-00098,Code Quality,Activity Tracker,no untyped any usage,Static Analysis,"Mobile source (React Native/Expo) — static analysis, no device needed",Fail,Found 1 `: any` usage(s) in screens/main/ActivityScreen.tsx,2026-07-29T06:26:49.881Z
MOB-STATIC-00099,Mobile-Specific,Activity Tracker,screen has testid coverage,Static Analysis,"Mobile source (React Native/Expo) — static analysis, no device needed",Fail,No testID attribute(s) in screens/main/ActivityScreen.tsx,2026-07-29T06:26:49.881Z
MOB-STATIC-00100,Functional,Activity Tracker,imports service layer not raw fetch,Static Analysis,"Mobile source (React Native/Expo) — static analysis, no device needed",Pass,"services/hooks/context import=True, raw fetch()=not used in screens/main/ActivityScreen.tsx",2026-07-29T06:26:49.881Z
MOB-STATIC-00101,Mobile-Specific,Activity Tracker,no hardcoded backend url in screen,Static Analysis,"Mobile source (React Native/Expo) — static analysis, no device needed",Pass,No literal http(s):// URL in screen source,2026-07-29T06:26:49.881Z
MOB-STATIC-00102,UI/UX,Activity Tracker,uses theme hook for colors,Static Analysis,"Mobile source (React Native/Expo) — static analysis, no device needed",Pass,Found useTheme() call in screens/main/ActivityScreen.tsx,2026-07-29T06:26:49.881Z
MOB-STATIC-00103,UI/UX,Activity Tracker,touchables have active opacity or pressable,Static Analysis,"Mobile source (React Native/Expo) — static analysis, no device needed",Pass,activeOpacity=/Pressable present in screens/main/ActivityScreen.tsx,2026-07-29T06:26:49.881Z
MOB-STATIC-00104,Accessibility,Activity Tracker,accessibility role declared on touchables,Static Analysis,"Mobile source (React Native/Expo) — static analysis, no device needed",Pass,Found accessibilityRole= among 5 touchable(s) in screens/main/ActivityScreen.tsx,2026-07-29T06:26:49.881Z
MOB-STATIC-00105,Compatibility,Activity Tracker,safe area inset applied to layout,Static Analysis,"Mobile source (React Native/Expo) — static analysis, no device needed",Pass,Found insets.top/insets.bottom usage in a style/layout in screens/main/ActivityScreen.tsx,2026-07-29T06:26:49.881Z
MOB-STATIC-00106,UI/UX,Activity Tracker,email input has correct keyboard type,Static Analysis,"Mobile source (React Native/Expo) — static analysis, no device needed",Pass,No email-labeled input on this screen,2026-07-29T06:26:49.881Z
MOB-STATIC-00107,Security,Activity Tracker,password inputs use secure text entry,Static Analysis,"Mobile source (React Native/Expo) — static analysis, no device needed",Pass,No password-labeled input on this screen,2026-07-29T06:26:49.881Z
MOB-STATIC-00108,Mobile-Specific,Activity Tracker,animated values use native driver,Static Analysis,"Mobile source (React Native/Expo) — static analysis, no device needed",Pass,No Animated.timing/Animated.Value on this screen,2026-07-29T06:26:49.881Z
MOB-STATIC-00109,Code Quality,Activity Tracker,component has default export,Static Analysis,"Mobile source (React Native/Expo) — static analysis, no device needed",Pass,Found export default in screens/main/ActivityScreen.tsx,2026-07-29T06:26:49.881Z
MOB-STATIC-00110,Functional,Activity Tracker,screen registered in a navigator,Static Analysis,"Mobile source (React Native/Expo) — static analysis, no device needed",Pass,Found import/reference of ActivityScreen in navigation/*Navigator.tsx,2026-07-29T06:26:49.881Z
MOB-STATIC-00111,Code Quality,Activity Tracker,uses react fc typed component,Static Analysis,"Mobile source (React Native/Expo) — static analysis, no device needed",Pass,Found `: React.FC` typed component declaration in screens/main/ActivityScreen.tsx,2026-07-29T06:26:49.881Z
MOB-STATIC-00112,Functional,Activity Tracker,list items have stable keys in map,Static Analysis,"Mobile source (React Native/Expo) — static analysis, no device needed",Pass,key={...} present alongside .map( in screens/main/ActivityScreen.tsx,2026-07-29T06:26:49.881Z
MOB-STATIC-00113,UI/UX,Activity Tracker,scrollview has content container style,Static Analysis,"Mobile source (React Native/Expo) — static analysis, no device needed",Pass,contentContainerStyle present in screens/main/ActivityScreen.tsx,2026-07-29T06:26:49.881Z
MOB-STATIC-00114,UI/UX,Activity Tracker,uses vector icons library,Static Analysis,"Mobile source (React Native/Expo) — static analysis, no device needed",Pass,Found @expo/vector-icons import in screens/main/ActivityScreen.tsx,2026-07-29T06:26:49.881Z
MOB-STATIC-00115,Code Quality,Activity Tracker,screen file line count reasonable,Static Analysis,"Mobile source (React Native/Expo) — static analysis, no device needed",Pass,screens/main/ActivityScreen.tsx is 419 lines (within the 700-line maintainability guideline),2026-07-29T06:26:49.882Z
MOB-STATIC-00116,UI/UX,Activity Tracker,user facing error alert on catch,Static Analysis,"Mobile source (React Native/Expo) — static analysis, no device needed",Pass,Alert.alert( present alongside catch in screens/main/ActivityScreen.tsx,2026-07-29T06:26:49.882Z
MOB-STATIC-00117,Compatibility,Profile,safe area insets used,Static Analysis,"Mobile source (React Native/Expo) — static analysis, no device needed",Pass,Found useSafeAreaInsets() in screens/main/ProfileScreen.tsx,2026-07-29T06:26:49.899Z
MOB-STATIC-00118,UI/UX,Profile,keyboard avoiding view present,Static Analysis,"Mobile source (React Native/Expo) — static analysis, no device needed",Pass,No TextInput on this screen — nothing to avoid,2026-07-29T06:26:49.899Z
MOB-STATIC-00119,Functional,Profile,async calls have error handling,Static Analysis,"Mobile source (React Native/Expo) — static analysis, no device needed",Pass,try/catch present around async calls in screens/main/ProfileScreen.tsx,2026-07-29T06:26:49.899Z
MOB-STATIC-00120,Accessibility,Profile,interactive elements have accessibility hooks,Static Analysis,"Mobile source (React Native/Expo) — static analysis, no device needed",Pass,2 accessibilityLabel/testID attribute(s) found across 5 touchable element(s) in screens/main/ProfileScreen.tsx,2026-07-29T06:26:49.900Z
MOB-STATIC-00121,Functional,Profile,no leftover debug markers,Static Analysis,"Mobile source (React Native/Expo) — static analysis, no device needed",Pass,No console.log/TODO/FIXME markers found,2026-07-29T06:26:49.900Z
MOB-STATIC-00122,Code Quality,Profile,uses stylesheet create,Static Analysis,"Mobile source (React Native/Expo) — static analysis, no device needed",Pass,Found StyleSheet.create( in screens/main/ProfileScreen.tsx,2026-07-29T06:26:49.900Z
MOB-STATIC-00123,UI/UX,Profile,shows loading state during fetch,Static Analysis,"Mobile source (React Native/Expo) — static analysis, no device needed",Fail,Missing ActivityIndicator/SkeletonLoader in screens/main/ProfileScreen.tsx,2026-07-29T06:26:49.900Z
MOB-STATIC-00124,UI/UX,Profile,handles empty state when no data,Static Analysis,"Mobile source (React Native/Expo) — static analysis, no device needed",Fail,No empty-state handling pattern in screens/main/ProfileScreen.tsx,2026-07-29T06:26:49.900Z
MOB-STATIC-00125,Functional,Profile,flatlist or sectionlist has key extractor,Static Analysis,"Mobile source (React Native/Expo) — static analysis, no device needed",Pass,No FlatList/SectionList on this screen,2026-07-29T06:26:49.900Z
MOB-STATIC-00126,Code Quality,Profile,typed props or navigation defined,Static Analysis,"Mobile source (React Native/Expo) — static analysis, no device needed",Fail,Missing typed Props/navigation generic in screens/main/ProfileScreen.tsx,2026-07-29T06:26:49.901Z
MOB-STATIC-00127,Code Quality,Profile,no untyped any usage,Static Analysis,"Mobile source (React Native/Expo) — static analysis, no device needed",Pass,No untyped `: any` usage,2026-07-29T06:26:49.901Z
MOB-STATIC-00128,Mobile-Specific,Profile,screen has testid coverage,Static Analysis,"Mobile source (React Native/Expo) — static analysis, no device needed",Pass,Found testID attribute(s) in screens/main/ProfileScreen.tsx,2026-07-29T06:26:49.901Z
MOB-STATIC-00129,Functional,Profile,imports service layer not raw fetch,Static Analysis,"Mobile source (React Native/Expo) — static analysis, no device needed",Pass,"services/hooks/context import=True, raw fetch()=not used in screens/main/ProfileScreen.tsx",2026-07-29T06:26:49.901Z
MOB-STATIC-00130,Mobile-Specific,Profile,no hardcoded backend url in screen,Static Analysis,"Mobile source (React Native/Expo) — static analysis, no device needed",Pass,No literal http(s):// URL in screen source,2026-07-29T06:26:49.901Z
MOB-STATIC-00131,UI/UX,Profile,uses theme hook for colors,Static Analysis,"Mobile source (React Native/Expo) — static analysis, no device needed",Pass,Found useTheme() call in screens/main/ProfileScreen.tsx,2026-07-29T06:26:49.901Z
MOB-STATIC-00132,UI/UX,Profile,touchables have active opacity or pressable,Static Analysis,"Mobile source (React Native/Expo) — static analysis, no device needed",Pass,activeOpacity=/Pressable present in screens/main/ProfileScreen.tsx,2026-07-29T06:26:49.901Z
MOB-STATIC-00133,Accessibility,Profile,accessibility role declared on touchables,Static Analysis,"Mobile source (React Native/Expo) — static analysis, no device needed",Pass,Found accessibilityRole= among 5 touchable(s) in screens/main/ProfileScreen.tsx,2026-07-29T06:26:49.901Z
MOB-STATIC-00134,Compatibility,Profile,safe area inset applied to layout,Static Analysis,"Mobile source (React Native/Expo) — static analysis, no device needed",Pass,Found insets.top/insets.bottom usage in a style/layout in screens/main/ProfileScreen.tsx,2026-07-29T06:26:49.901Z
MOB-STATIC-00135,UI/UX,Profile,email input has correct keyboard type,Static Analysis,"Mobile source (React Native/Expo) — static analysis, no device needed",Pass,No email-labeled input on this screen,2026-07-29T06:26:49.901Z
MOB-STATIC-00136,Security,Profile,password inputs use secure text entry,Static Analysis,"Mobile source (React Native/Expo) — static analysis, no device needed",Pass,No password-labeled input on this screen,2026-07-29T06:26:49.901Z
MOB-STATIC-00137,Mobile-Specific,Profile,animated values use native driver,Static Analysis,"Mobile source (React Native/Expo) — static analysis, no device needed",Pass,No Animated.timing/Animated.Value on this screen,2026-07-29T06:26:49.901Z
MOB-STATIC-00138,Code Quality,Profile,component has default export,Static Analysis,"Mobile source (React Native/Expo) — static analysis, no device needed",Pass,Found export default in screens/main/ProfileScreen.tsx,2026-07-29T06:26:49.901Z
MOB-STATIC-00139,Functional,Profile,screen registered in a navigator,Static Analysis,"Mobile source (React Native/Expo) — static analysis, no device needed",Pass,Found import/reference of ProfileScreen in navigation/*Navigator.tsx,2026-07-29T06:26:49.901Z
MOB-STATIC-00140,Code Quality,Profile,uses react fc typed component,Static Analysis,"Mobile source (React Native/Expo) — static analysis, no device needed",Pass,Found `: React.FC` typed component declaration in screens/main/ProfileScreen.tsx,2026-07-29T06:26:49.901Z
MOB-STATIC-00141,Functional,Profile,list items have stable keys in map,Static Analysis,"Mobile source (React Native/Expo) — static analysis, no device needed",Pass,key={...} present alongside .map( in screens/main/ProfileScreen.tsx,2026-07-29T06:26:49.901Z
MOB-STATIC-00142,UI/UX,Profile,scrollview has content container style,Static Analysis,"Mobile source (React Native/Expo) — static analysis, no device needed",Pass,contentContainerStyle present in screens/main/ProfileScreen.tsx,2026-07-29T06:26:49.901Z
MOB-STATIC-00143,UI/UX,Profile,uses vector icons library,Static Analysis,"Mobile source (React Native/Expo) — static analysis, no device needed",Pass,Found @expo/vector-icons import in screens/main/ProfileScreen.tsx,2026-07-29T06:26:49.901Z
MOB-STATIC-00144,Code Quality,Profile,screen file line count reasonable,Static Analysis,"Mobile source (React Native/Expo) — static analysis, no device needed",Pass,screens/main/ProfileScreen.tsx is 335 lines (within the 700-line maintainability guideline),2026-07-29T06:26:49.901Z
MOB-STATIC-00145,UI/UX,Profile,user facing error alert on catch,Static Analysis,"Mobile source (React Native/Expo) — static analysis, no device needed",Pass,Alert.alert( present alongside catch in screens/main/ProfileScreen.tsx,2026-07-29T06:26:49.901Z
MOB-STATIC-00146,Compatibility,Recommendations,safe area insets used,Static Analysis,"Mobile source (React Native/Expo) — static analysis, no device needed",Pass,Found useSafeAreaInsets() in screens/main/RecommendationsScreen.tsx,2026-07-29T06:26:49.904Z
MOB-STATIC-00147,UI/UX,Recommendations,keyboard avoiding view present,Static Analysis,"Mobile source (React Native/Expo) — static analysis, no device needed",Pass,No TextInput on this screen — nothing to avoid,2026-07-29T06:26:49.904Z
MOB-STATIC-00148,Functional,Recommendations,async calls have error handling,Static Analysis,"Mobile source (React Native/Expo) — static analysis, no device needed",Pass,try/catch present around async calls in screens/main/RecommendationsScreen.tsx,2026-07-29T06:26:49.904Z
MOB-STATIC-00149,Accessibility,Recommendations,interactive elements have accessibility hooks,Static Analysis,"Mobile source (React Native/Expo) — static analysis, no device needed",Pass,3 accessibilityLabel/testID attribute(s) found across 7 touchable element(s) in screens/main/RecommendationsScreen.tsx,2026-07-29T06:26:49.904Z
MOB-STATIC-00150,Functional,Recommendations,no leftover debug markers,Static Analysis,"Mobile source (React Native/Expo) — static analysis, no device needed",Pass,No console.log/TODO/FIXME markers found,2026-07-29T06:26:49.904Z
MOB-STATIC-00151,Code Quality,Recommendations,uses stylesheet create,Static Analysis,"Mobile source (React Native/Expo) — static analysis, no device needed",Pass,Found StyleSheet.create( in screens/main/RecommendationsScreen.tsx,2026-07-29T06:26:49.904Z
MOB-STATIC-00152,UI/UX,Recommendations,shows loading state during fetch,Static Analysis,"Mobile source (React Native/Expo) — static analysis, no device needed",Pass,Found ActivityIndicator/SkeletonLoader in screens/main/RecommendationsScreen.tsx,2026-07-29T06:26:49.904Z
MOB-STATIC-00153,UI/UX,Recommendations,handles empty state when no data,Static Analysis,"Mobile source (React Native/Expo) — static analysis, no device needed",Pass,Found empty-state handling pattern in screens/main/RecommendationsScreen.tsx,2026-07-29T06:26:49.904Z
MOB-STATIC-00154,Functional,Recommendations,flatlist or sectionlist has key extractor,Static Analysis,"Mobile source (React Native/Expo) — static analysis, no device needed",Pass,keyExtractor present in screens/main/RecommendationsScreen.tsx,2026-07-29T06:26:49.904Z
MOB-STATIC-00155,Code Quality,Recommendations,typed props or navigation defined,Static Analysis,"Mobile source (React Native/Expo) — static analysis, no device needed",Fail,Missing typed Props/navigation generic in screens/main/RecommendationsScreen.tsx,2026-07-29T06:26:49.904Z
MOB-STATIC-00156,Code Quality,Recommendations,no untyped any usage,Static Analysis,"Mobile source (React Native/Expo) — static analysis, no device needed",Pass,No untyped `: any` usage,2026-07-29T06:26:49.904Z
MOB-STATIC-00157,Mobile-Specific,Recommendations,screen has testid coverage,Static Analysis,"Mobile source (React Native/Expo) — static analysis, no device needed",Fail,No testID attribute(s) in screens/main/RecommendationsScreen.tsx,2026-07-29T06:26:49.904Z
MOB-STATIC-00158,Functional,Recommendations,imports service layer not raw fetch,Static Analysis,"Mobile source (React Native/Expo) — static analysis, no device needed",Pass,"services/hooks/context import=True, raw fetch()=not used in screens/main/RecommendationsScreen.tsx",2026-07-29T06:26:49.904Z
MOB-STATIC-00159,Mobile-Specific,Recommendations,no hardcoded backend url in screen,Static Analysis,"Mobile source (React Native/Expo) — static analysis, no device needed",Pass,No literal http(s):// URL in screen source,2026-07-29T06:26:49.904Z
MOB-STATIC-00160,UI/UX,Recommendations,uses theme hook for colors,Static Analysis,"Mobile source (React Native/Expo) — static analysis, no device needed",Pass,Found useTheme() call in screens/main/RecommendationsScreen.tsx,2026-07-29T06:26:49.904Z
MOB-STATIC-00161,UI/UX,Recommendations,touchables have active opacity or pressable,Static Analysis,"Mobile source (React Native/Expo) — static analysis, no device needed",Pass,activeOpacity=/Pressable present in screens/main/RecommendationsScreen.tsx,2026-07-29T06:26:49.904Z
MOB-STATIC-00162,Accessibility,Recommendations,accessibility role declared on touchables,Static Analysis,"Mobile source (React Native/Expo) — static analysis, no device needed",Pass,Found accessibilityRole= among 7 touchable(s) in screens/main/RecommendationsScreen.tsx,2026-07-29T06:26:49.904Z
MOB-STATIC-00163,Compatibility,Recommendations,safe area inset applied to layout,Static Analysis,"Mobile source (React Native/Expo) — static analysis, no device needed",Pass,Found insets.top/insets.bottom usage in a style/layout in screens/main/RecommendationsScreen.tsx,2026-07-29T06:26:49.904Z
MOB-STATIC-00164,UI/UX,Recommendations,email input has correct keyboard type,Static Analysis,"Mobile source (React Native/Expo) — static analysis, no device needed",Pass,No email-labeled input on this screen,2026-07-29T06:26:49.904Z
MOB-STATIC-00165,Security,Recommendations,password inputs use secure text entry,Static Analysis,"Mobile source (React Native/Expo) — static analysis, no device needed",Pass,No password-labeled input on this screen,2026-07-29T06:26:49.904Z
MOB-STATIC-00166,Mobile-Specific,Recommendations,animated values use native driver,Static Analysis,"Mobile source (React Native/Expo) — static analysis, no device needed",Pass,No Animated.timing/Animated.Value on this screen,2026-07-29T06:26:49.904Z
MOB-STATIC-00167,Code Quality,Recommendations,component has default export,Static Analysis,"Mobile source (React Native/Expo) — static analysis, no device needed",Pass,Found export default in screens/main/RecommendationsScreen.tsx,2026-07-29T06:26:49.904Z
MOB-STATIC-00168,Functional,Recommendations,screen registered in a navigator,Static Analysis,"Mobile source (React Native/Expo) — static analysis, no device needed",Pass,Found import/reference of RecommendationsScreen in navigation/*Navigator.tsx,2026-07-29T06:26:49.904Z
MOB-STATIC-00169,Code Quality,Recommendations,uses react fc typed component,Static Analysis,"Mobile source (React Native/Expo) — static analysis, no device needed",Pass,Found `: React.FC` typed component declaration in screens/main/RecommendationsScreen.tsx,2026-07-29T06:26:49.904Z
MOB-STATIC-00170,Functional,Recommendations,list items have stable keys in map,Static Analysis,"Mobile source (React Native/Expo) — static analysis, no device needed",Pass,No .map( rendering on this screen,2026-07-29T06:26:49.904Z
MOB-STATIC-00171,UI/UX,Recommendations,scrollview has content container style,Static Analysis,"Mobile source (React Native/Expo) — static analysis, no device needed",Pass,No ScrollView on this screen,2026-07-29T06:26:49.904Z
MOB-STATIC-00172,UI/UX,Recommendations,uses vector icons library,Static Analysis,"Mobile source (React Native/Expo) — static analysis, no device needed",Pass,Found @expo/vector-icons import in screens/main/RecommendationsScreen.tsx,2026-07-29T06:26:49.904Z
MOB-STATIC-00173,Code Quality,Recommendations,screen file line count reasonable,Static Analysis,"Mobile source (React Native/Expo) — static analysis, no device needed",Pass,screens/main/RecommendationsScreen.tsx is 181 lines (within the 700-line maintainability guideline),2026-07-29T06:26:49.904Z
MOB-STATIC-00174,UI/UX,Recommendations,user facing error alert on catch,Static Analysis,"Mobile source (React Native/Expo) — static analysis, no device needed",Fail,catch block without a user-facing Alert.alert( in screens/main/RecommendationsScreen.tsx,2026-07-29T06:26:49.905Z
MOB-STATIC-00175,Compatibility,Phone Usage,safe area insets used,Static Analysis,"Mobile source (React Native/Expo) — static analysis, no device needed",Pass,Found useSafeAreaInsets() in screens/main/PhoneUsageScreen.tsx,2026-07-29T06:26:49.909Z
MOB-STATIC-00176,UI/UX,Phone Usage,keyboard avoiding view present,Static Analysis,"Mobile source (React Native/Expo) — static analysis, no device needed",Pass,KeyboardAvoidingView wraps the input field(s) in screens/main/PhoneUsageScreen.tsx,2026-07-29T06:26:49.909Z
MOB-STATIC-00177,Functional,Phone Usage,async calls have error handling,Static Analysis,"Mobile source (React Native/Expo) — static analysis, no device needed",Pass,try/catch present around async calls in screens/main/PhoneUsageScreen.tsx,2026-07-29T06:26:49.909Z
MOB-STATIC-00178,Accessibility,Phone Usage,interactive elements have accessibility hooks,Static Analysis,"Mobile source (React Native/Expo) — static analysis, no device needed",Pass,2 accessibilityLabel/testID attribute(s) found across 5 touchable element(s) in screens/main/PhoneUsageScreen.tsx,2026-07-29T06:26:49.909Z
MOB-STATIC-00179,Functional,Phone Usage,no leftover debug markers,Static Analysis,"Mobile source (React Native/Expo) — static analysis, no device needed",Pass,No console.log/TODO/FIXME markers found,2026-07-29T06:26:49.909Z
MOB-STATIC-00180,Code Quality,Phone Usage,uses stylesheet create,Static Analysis,"Mobile source (React Native/Expo) — static analysis, no device needed",Pass,Found StyleSheet.create( in screens/main/PhoneUsageScreen.tsx,2026-07-29T06:26:49.909Z
MOB-STATIC-00181,UI/UX,Phone Usage,shows loading state during fetch,Static Analysis,"Mobile source (React Native/Expo) — static analysis, no device needed",Pass,Found ActivityIndicator/SkeletonLoader in screens/main/PhoneUsageScreen.tsx,2026-07-29T06:26:49.909Z
MOB-STATIC-00182,UI/UX,Phone Usage,handles empty state when no data,Static Analysis,"Mobile source (React Native/Expo) — static analysis, no device needed",Fail,No empty-state handling pattern in screens/main/PhoneUsageScreen.tsx,2026-07-29T06:26:49.910Z
MOB-STATIC-00183,Functional,Phone Usage,flatlist or sectionlist has key extractor,Static Analysis,"Mobile source (React Native/Expo) — static analysis, no device needed",Pass,No FlatList/SectionList on this screen,2026-07-29T06:26:49.910Z
MOB-STATIC-00184,Code Quality,Phone Usage,typed props or navigation defined,Static Analysis,"Mobile source (React Native/Expo) — static analysis, no device needed",Pass,Found typed Props/navigation generic in screens/main/PhoneUsageScreen.tsx,2026-07-29T06:26:49.910Z
MOB-STATIC-00185,Code Quality,Phone Usage,no untyped any usage,Static Analysis,"Mobile source (React Native/Expo) — static analysis, no device needed",Pass,No untyped `: any` usage,2026-07-29T06:26:49.910Z
MOB-STATIC-00186,Mobile-Specific,Phone Usage,screen has testid coverage,Static Analysis,"Mobile source (React Native/Expo) — static analysis, no device needed",Fail,No testID attribute(s) in screens/main/PhoneUsageScreen.tsx,2026-07-29T06:26:49.910Z
MOB-STATIC-00187,Functional,Phone Usage,imports service layer not raw fetch,Static Analysis,"Mobile source (React Native/Expo) — static analysis, no device needed",Pass,"services/hooks/context import=True, raw fetch()=not used in screens/main/PhoneUsageScreen.tsx",2026-07-29T06:26:49.910Z
MOB-STATIC-00188,Mobile-Specific,Phone Usage,no hardcoded backend url in screen,Static Analysis,"Mobile source (React Native/Expo) — static analysis, no device needed",Pass,No literal http(s):// URL in screen source,2026-07-29T06:26:49.910Z
MOB-STATIC-00189,UI/UX,Phone Usage,uses theme hook for colors,Static Analysis,"Mobile source (React Native/Expo) — static analysis, no device needed",Pass,Found useTheme() call in screens/main/PhoneUsageScreen.tsx,2026-07-29T06:26:49.910Z
MOB-STATIC-00190,UI/UX,Phone Usage,touchables have active opacity or pressable,Static Analysis,"Mobile source (React Native/Expo) — static analysis, no device needed",Pass,activeOpacity=/Pressable present in screens/main/PhoneUsageScreen.tsx,2026-07-29T06:26:49.910Z
MOB-STATIC-00191,Accessibility,Phone Usage,accessibility role declared on touchables,Static Analysis,"Mobile source (React Native/Expo) — static analysis, no device needed",Pass,Found accessibilityRole= among 5 touchable(s) in screens/main/PhoneUsageScreen.tsx,2026-07-29T06:26:49.910Z
MOB-STATIC-00192,Compatibility,Phone Usage,safe area inset applied to layout,Static Analysis,"Mobile source (React Native/Expo) — static analysis, no device needed",Pass,Found insets.top/insets.bottom usage in a style/layout in screens/main/PhoneUsageScreen.tsx,2026-07-29T06:26:49.910Z
MOB-STATIC-00193,UI/UX,Phone Usage,email input has correct keyboard type,Static Analysis,"Mobile source (React Native/Expo) — static analysis, no device needed",Pass,No email-labeled input on this screen,2026-07-29T06:26:49.910Z
MOB-STATIC-00194,Security,Phone Usage,password inputs use secure text entry,Static Analysis,"Mobile source (React Native/Expo) — static analysis, no device needed",Pass,No password-labeled input on this screen,2026-07-29T06:26:49.911Z
MOB-STATIC-00195,Mobile-Specific,Phone Usage,animated values use native driver,Static Analysis,"Mobile source (React Native/Expo) — static analysis, no device needed",Pass,No Animated.timing/Animated.Value on this screen,2026-07-29T06:26:49.911Z
MOB-STATIC-00196,Code Quality,Phone Usage,component has default export,Static Analysis,"Mobile source (React Native/Expo) — static analysis, no device needed",Pass,Found export default in screens/main/PhoneUsageScreen.tsx,2026-07-29T06:26:49.911Z
MOB-STATIC-00197,Functional,Phone Usage,screen registered in a navigator,Static Analysis,"Mobile source (React Native/Expo) — static analysis, no device needed",Pass,Found import/reference of PhoneUsageScreen in navigation/*Navigator.tsx,2026-07-29T06:26:49.911Z
MOB-STATIC-00198,Code Quality,Phone Usage,uses react fc typed component,Static Analysis,"Mobile source (React Native/Expo) — static analysis, no device needed",Pass,Found `: React.FC` typed component declaration in screens/main/PhoneUsageScreen.tsx,2026-07-29T06:26:49.911Z
MOB-STATIC-00199,Functional,Phone Usage,list items have stable keys in map,Static Analysis,"Mobile source (React Native/Expo) — static analysis, no device needed",Pass,key={...} present alongside .map( in screens/main/PhoneUsageScreen.tsx,2026-07-29T06:26:49.911Z
MOB-STATIC-00200,UI/UX,Phone Usage,scrollview has content container style,Static Analysis,"Mobile source (React Native/Expo) — static analysis, no device needed",Pass,contentContainerStyle present in screens/main/PhoneUsageScreen.tsx,2026-07-29T06:26:49.911Z
MOB-STATIC-00201,UI/UX,Phone Usage,uses vector icons library,Static Analysis,"Mobile source (React Native/Expo) — static analysis, no device needed",Pass,Found @expo/vector-icons import in screens/main/PhoneUsageScreen.tsx,2026-07-29T06:26:49.911Z
MOB-STATIC-00202,Code Quality,Phone Usage,screen file line count reasonable,Static Analysis,"Mobile source (React Native/Expo) — static analysis, no device needed",Pass,screens/main/PhoneUsageScreen.tsx is 440 lines (within the 700-line maintainability guideline),2026-07-29T06:26:49.911Z
MOB-STATIC-00203,UI/UX,Phone Usage,user facing error alert on catch,Static Analysis,"Mobile source (React Native/Expo) — static analysis, no device needed",Pass,Alert.alert( present alongside catch in screens/main/PhoneUsageScreen.tsx,2026-07-29T06:26:49.911Z
MOB-STATIC-00204,Compatibility,Analytics,safe area insets used,Static Analysis,"Mobile source (React Native/Expo) — static analysis, no device needed",Pass,Found useSafeAreaInsets() in screens/analytics/AnalyticsScreen.tsx,2026-07-29T06:26:49.911Z
MOB-STATIC-00205,UI/UX,Analytics,keyboard avoiding view present,Static Analysis,"Mobile source (React Native/Expo) — static analysis, no device needed",Pass,No TextInput on this screen — nothing to avoid,2026-07-29T06:26:49.911Z
MOB-STATIC-00206,Functional,Analytics,async calls have error handling,Static Analysis,"Mobile source (React Native/Expo) — static analysis, no device needed",Pass,try/catch present around async calls in screens/analytics/AnalyticsScreen.tsx,2026-07-29T06:26:49.911Z
MOB-STATIC-00207,Accessibility,Analytics,interactive elements have accessibility hooks,Static Analysis,"Mobile source (React Native/Expo) — static analysis, no device needed",Pass,2 accessibilityLabel/testID attribute(s) found across 5 touchable element(s) in screens/analytics/AnalyticsScreen.tsx,2026-07-29T06:26:49.911Z
MOB-STATIC-00208,Functional,Analytics,no leftover debug markers,Static Analysis,"Mobile source (React Native/Expo) — static analysis, no device needed",Pass,No console.log/TODO/FIXME markers found,2026-07-29T06:26:49.911Z
MOB-STATIC-00209,Code Quality,Analytics,uses stylesheet create,Static Analysis,"Mobile source (React Native/Expo) — static analysis, no device needed",Pass,Found StyleSheet.create( in screens/analytics/AnalyticsScreen.tsx,2026-07-29T06:26:49.911Z
MOB-STATIC-00210,UI/UX,Analytics,shows loading state during fetch,Static Analysis,"Mobile source (React Native/Expo) — static analysis, no device needed",Pass,Found ActivityIndicator/SkeletonLoader in screens/analytics/AnalyticsScreen.tsx,2026-07-29T06:26:49.911Z
MOB-STATIC-00211,UI/UX,Analytics,handles empty state when no data,Static Analysis,"Mobile source (React Native/Expo) — static analysis, no device needed",Fail,No empty-state handling pattern in screens/analytics/AnalyticsScreen.tsx,2026-07-29T06:26:49.912Z
MOB-STATIC-00212,Functional,Analytics,flatlist or sectionlist has key extractor,Static Analysis,"Mobile source (React Native/Expo) — static analysis, no device needed",Pass,No FlatList/SectionList on this screen,2026-07-29T06:26:49.912Z
MOB-STATIC-00213,Code Quality,Analytics,typed props or navigation defined,Static Analysis,"Mobile source (React Native/Expo) — static analysis, no device needed",Fail,Missing typed Props/navigation generic in screens/analytics/AnalyticsScreen.tsx,2026-07-29T06:26:49.912Z
MOB-STATIC-00214,Code Quality,Analytics,no untyped any usage,Static Analysis,"Mobile source (React Native/Expo) — static analysis, no device needed",Pass,No untyped `: any` usage,2026-07-29T06:26:49.912Z
MOB-STATIC-00215,Mobile-Specific,Analytics,screen has testid coverage,Static Analysis,"Mobile source (React Native/Expo) — static analysis, no device needed",Fail,No testID attribute(s) in screens/analytics/AnalyticsScreen.tsx,2026-07-29T06:26:49.912Z
MOB-STATIC-00216,Functional,Analytics,imports service layer not raw fetch,Static Analysis,"Mobile source (React Native/Expo) — static analysis, no device needed",Pass,"services/hooks/context import=True, raw fetch()=not used in screens/analytics/AnalyticsScreen.tsx",2026-07-29T06:26:49.912Z
MOB-STATIC-00217,Mobile-Specific,Analytics,no hardcoded backend url in screen,Static Analysis,"Mobile source (React Native/Expo) — static analysis, no device needed",Pass,No literal http(s):// URL in screen source,2026-07-29T06:26:49.912Z
MOB-STATIC-00218,UI/UX,Analytics,uses theme hook for colors,Static Analysis,"Mobile source (React Native/Expo) — static analysis, no device needed",Pass,Found useTheme() call in screens/analytics/AnalyticsScreen.tsx,2026-07-29T06:26:49.912Z
MOB-STATIC-00219,UI/UX,Analytics,touchables have active opacity or pressable,Static Analysis,"Mobile source (React Native/Expo) — static analysis, no device needed",Pass,activeOpacity=/Pressable present in screens/analytics/AnalyticsScreen.tsx,2026-07-29T06:26:49.912Z
MOB-STATIC-00220,Accessibility,Analytics,accessibility role declared on touchables,Static Analysis,"Mobile source (React Native/Expo) — static analysis, no device needed",Pass,Found accessibilityRole= among 5 touchable(s) in screens/analytics/AnalyticsScreen.tsx,2026-07-29T06:26:49.912Z
MOB-STATIC-00221,Compatibility,Analytics,safe area inset applied to layout,Static Analysis,"Mobile source (React Native/Expo) — static analysis, no device needed",Pass,Found insets.top/insets.bottom usage in a style/layout in screens/analytics/AnalyticsScreen.tsx,2026-07-29T06:26:49.912Z
MOB-STATIC-00222,UI/UX,Analytics,email input has correct keyboard type,Static Analysis,"Mobile source (React Native/Expo) — static analysis, no device needed",Pass,No email-labeled input on this screen,2026-07-29T06:26:49.912Z
MOB-STATIC-00223,Security,Analytics,password inputs use secure text entry,Static Analysis,"Mobile source (React Native/Expo) — static analysis, no device needed",Pass,No password-labeled input on this screen,2026-07-29T06:26:49.913Z
MOB-STATIC-00224,Mobile-Specific,Analytics,animated values use native driver,Static Analysis,"Mobile source (React Native/Expo) — static analysis, no device needed",Pass,No Animated.timing/Animated.Value on this screen,2026-07-29T06:26:49.913Z
MOB-STATIC-00225,Code Quality,Analytics,component has default export,Static Analysis,"Mobile source (React Native/Expo) — static analysis, no device needed",Pass,Found export default in screens/analytics/AnalyticsScreen.tsx,2026-07-29T06:26:49.913Z
MOB-STATIC-00226,Functional,Analytics,screen registered in a navigator,Static Analysis,"Mobile source (React Native/Expo) — static analysis, no device needed",Pass,Found import/reference of AnalyticsScreen in navigation/*Navigator.tsx,2026-07-29T06:26:49.913Z
MOB-STATIC-00227,Code Quality,Analytics,uses react fc typed component,Static Analysis,"Mobile source (React Native/Expo) — static analysis, no device needed",Pass,Found `: React.FC` typed component declaration in screens/analytics/AnalyticsScreen.tsx,2026-07-29T06:26:49.913Z
MOB-STATIC-00228,Functional,Analytics,list items have stable keys in map,Static Analysis,"Mobile source (React Native/Expo) — static analysis, no device needed",Pass,key={...} present alongside .map( in screens/analytics/AnalyticsScreen.tsx,2026-07-29T06:26:49.913Z
MOB-STATIC-00229,UI/UX,Analytics,scrollview has content container style,Static Analysis,"Mobile source (React Native/Expo) — static analysis, no device needed",Pass,contentContainerStyle present in screens/analytics/AnalyticsScreen.tsx,2026-07-29T06:26:49.913Z
MOB-STATIC-00230,UI/UX,Analytics,uses vector icons library,Static Analysis,"Mobile source (React Native/Expo) — static analysis, no device needed",Pass,Found @expo/vector-icons import in screens/analytics/AnalyticsScreen.tsx,2026-07-29T06:26:49.913Z
MOB-STATIC-00231,Code Quality,Analytics,screen file line count reasonable,Static Analysis,"Mobile source (React Native/Expo) — static analysis, no device needed",Pass,screens/analytics/AnalyticsScreen.tsx is 304 lines (within the 700-line maintainability guideline),2026-07-29T06:26:49.913Z
MOB-STATIC-00232,UI/UX,Analytics,user facing error alert on catch,Static Analysis,"Mobile source (React Native/Expo) — static analysis, no device needed",Pass,Alert.alert( present alongside catch in screens/analytics/AnalyticsScreen.tsx,2026-07-29T06:26:49.913Z
MOB-STATIC-00233,Compatibility,Login,safe area insets used,Static Analysis,"Mobile source (React Native/Expo) — static analysis, no device needed",Pass,Found useSafeAreaInsets() in screens/auth/LoginScreen.tsx,2026-07-29T06:26:49.915Z
MOB-STATIC-00234,UI/UX,Login,keyboard avoiding view present,Static Analysis,"Mobile source (React Native/Expo) — static analysis, no device needed",Pass,KeyboardAvoidingView wraps the input field(s) in screens/auth/LoginScreen.tsx,2026-07-29T06:26:49.915Z
MOB-STATIC-00235,Functional,Login,async calls have error handling,Static Analysis,"Mobile source (React Native/Expo) — static analysis, no device needed",Pass,try/catch present around async calls in screens/auth/LoginScreen.tsx,2026-07-29T06:26:49.915Z
MOB-STATIC-00236,Accessibility,Login,interactive elements have accessibility hooks,Static Analysis,"Mobile source (React Native/Expo) — static analysis, no device needed",Pass,8 accessibilityLabel/testID attribute(s) found across 11 touchable element(s) in screens/auth/LoginScreen.tsx,2026-07-29T06:26:49.915Z
MOB-STATIC-00237,Functional,Login,no leftover debug markers,Static Analysis,"Mobile source (React Native/Expo) — static analysis, no device needed",Pass,No console.log/TODO/FIXME markers found,2026-07-29T06:26:49.915Z
MOB-STATIC-00238,Code Quality,Login,uses stylesheet create,Static Analysis,"Mobile source (React Native/Expo) — static analysis, no device needed",Pass,Found StyleSheet.create( in screens/auth/LoginScreen.tsx,2026-07-29T06:26:49.915Z
MOB-STATIC-00239,UI/UX,Login,shows loading state during fetch,Static Analysis,"Mobile source (React Native/Expo) — static analysis, no device needed",Pass,Found ActivityIndicator/SkeletonLoader in screens/auth/LoginScreen.tsx,2026-07-29T06:26:49.915Z
MOB-STATIC-00240,UI/UX,Login,handles empty state when no data,Static Analysis,"Mobile source (React Native/Expo) — static analysis, no device needed",Fail,No empty-state handling pattern in screens/auth/LoginScreen.tsx,2026-07-29T06:26:49.915Z
MOB-STATIC-00241,Functional,Login,flatlist or sectionlist has key extractor,Static Analysis,"Mobile source (React Native/Expo) — static analysis, no device needed",Pass,No FlatList/SectionList on this screen,2026-07-29T06:26:49.915Z
MOB-STATIC-00242,Code Quality,Login,typed props or navigation defined,Static Analysis,"Mobile source (React Native/Expo) — static analysis, no device needed",Pass,Found typed Props/navigation generic in screens/auth/LoginScreen.tsx,2026-07-29T06:26:49.915Z
MOB-STATIC-00243,Code Quality,Login,no untyped any usage,Static Analysis,"Mobile source (React Native/Expo) — static analysis, no device needed",Fail,Found 1 `: any` usage(s) in screens/auth/LoginScreen.tsx,2026-07-29T06:26:49.915Z
MOB-STATIC-00244,Mobile-Specific,Login,screen has testid coverage,Static Analysis,"Mobile source (React Native/Expo) — static analysis, no device needed",Pass,Found testID attribute(s) in screens/auth/LoginScreen.tsx,2026-07-29T06:26:49.915Z
MOB-STATIC-00245,Functional,Login,imports service layer not raw fetch,Static Analysis,"Mobile source (React Native/Expo) — static analysis, no device needed",Pass,"services/hooks/context import=True, raw fetch()=not used in screens/auth/LoginScreen.tsx",2026-07-29T06:26:49.915Z
MOB-STATIC-00246,Mobile-Specific,Login,no hardcoded backend url in screen,Static Analysis,"Mobile source (React Native/Expo) — static analysis, no device needed",Pass,No literal http(s):// URL in screen source,2026-07-29T06:26:49.915Z
MOB-STATIC-00247,UI/UX,Login,uses theme hook for colors,Static Analysis,"Mobile source (React Native/Expo) — static analysis, no device needed",Pass,Found useTheme() call in screens/auth/LoginScreen.tsx,2026-07-29T06:26:49.915Z
MOB-STATIC-00248,UI/UX,Login,touchables have active opacity or pressable,Static Analysis,"Mobile source (React Native/Expo) — static analysis, no device needed",Pass,activeOpacity=/Pressable present in screens/auth/LoginScreen.tsx,2026-07-29T06:26:49.915Z
MOB-STATIC-00249,Accessibility,Login,accessibility role declared on touchables,Static Analysis,"Mobile source (React Native/Expo) — static analysis, no device needed",Pass,Found accessibilityRole= among 11 touchable(s) in screens/auth/LoginScreen.tsx,2026-07-29T06:26:49.919Z
MOB-STATIC-00250,Compatibility,Login,safe area inset applied to layout,Static Analysis,"Mobile source (React Native/Expo) — static analysis, no device needed",Pass,Found insets.top/insets.bottom usage in a style/layout in screens/auth/LoginScreen.tsx,2026-07-29T06:26:49.919Z
MOB-STATIC-00251,UI/UX,Login,email input has correct keyboard type,Static Analysis,"Mobile source (React Native/Expo) — static analysis, no device needed",Pass,No email-labeled input on this screen,2026-07-29T06:26:49.919Z
MOB-STATIC-00252,Security,Login,password inputs use secure text entry,Static Analysis,"Mobile source (React Native/Expo) — static analysis, no device needed",Pass,secureTextEntry present in screens/auth/LoginScreen.tsx,2026-07-29T06:26:49.919Z
MOB-STATIC-00253,Mobile-Specific,Login,animated values use native driver,Static Analysis,"Mobile source (React Native/Expo) — static analysis, no device needed",Pass,useNativeDriver: true present in screens/auth/LoginScreen.tsx,2026-07-29T06:26:49.919Z
MOB-STATIC-00254,Code Quality,Login,component has default export,Static Analysis,"Mobile source (React Native/Expo) — static analysis, no device needed",Pass,Found export default in screens/auth/LoginScreen.tsx,2026-07-29T06:26:49.919Z
MOB-STATIC-00255,Functional,Login,screen registered in a navigator,Static Analysis,"Mobile source (React Native/Expo) — static analysis, no device needed",Pass,Found import/reference of LoginScreen in navigation/*Navigator.tsx,2026-07-29T06:26:49.919Z
MOB-STATIC-00256,Code Quality,Login,uses react fc typed component,Static Analysis,"Mobile source (React Native/Expo) — static analysis, no device needed",Pass,Found `: React.FC` typed component declaration in screens/auth/LoginScreen.tsx,2026-07-29T06:26:49.919Z
MOB-STATIC-00257,Functional,Login,list items have stable keys in map,Static Analysis,"Mobile source (React Native/Expo) — static analysis, no device needed",Pass,No .map( rendering on this screen,2026-07-29T06:26:49.919Z
MOB-STATIC-00258,UI/UX,Login,scrollview has content container style,Static Analysis,"Mobile source (React Native/Expo) — static analysis, no device needed",Pass,contentContainerStyle present in screens/auth/LoginScreen.tsx,2026-07-29T06:26:49.919Z
MOB-STATIC-00259,UI/UX,Login,uses vector icons library,Static Analysis,"Mobile source (React Native/Expo) — static analysis, no device needed",Pass,Found @expo/vector-icons import in screens/auth/LoginScreen.tsx,2026-07-29T06:26:49.919Z
MOB-STATIC-00260,Code Quality,Login,screen file line count reasonable,Static Analysis,"Mobile source (React Native/Expo) — static analysis, no device needed",Pass,screens/auth/LoginScreen.tsx is 439 lines (within the 700-line maintainability guideline),2026-07-29T06:26:49.919Z
MOB-STATIC-00261,UI/UX,Login,user facing error alert on catch,Static Analysis,"Mobile source (React Native/Expo) — static analysis, no device needed",Pass,Alert.alert( present alongside catch in screens/auth/LoginScreen.tsx,2026-07-29T06:26:49.919Z
MOB-STATIC-00262,Compatibility,Register,safe area insets used,Static Analysis,"Mobile source (React Native/Expo) — static analysis, no device needed",Pass,Found useSafeAreaInsets() in screens/auth/RegisterScreen.tsx,2026-07-29T06:26:49.919Z
MOB-STATIC-00263,UI/UX,Register,keyboard avoiding view present,Static Analysis,"Mobile source (React Native/Expo) — static analysis, no device needed",Pass,KeyboardAvoidingView wraps the input field(s) in screens/auth/RegisterScreen.tsx,2026-07-29T06:26:49.919Z
MOB-STATIC-00264,Functional,Register,async calls have error handling,Static Analysis,"Mobile source (React Native/Expo) — static analysis, no device needed",Pass,try/catch present around async calls in screens/auth/RegisterScreen.tsx,2026-07-29T06:26:49.919Z
MOB-STATIC-00265,Accessibility,Register,interactive elements have accessibility hooks,Static Analysis,"Mobile source (React Native/Expo) — static analysis, no device needed",Pass,14 accessibilityLabel/testID attribute(s) found across 11 touchable element(s) in screens/auth/RegisterScreen.tsx,2026-07-29T06:26:49.920Z
MOB-STATIC-00266,Functional,Register,no leftover debug markers,Static Analysis,"Mobile source (React Native/Expo) — static analysis, no device needed",Pass,No console.log/TODO/FIXME markers found,2026-07-29T06:26:49.920Z
MOB-STATIC-00267,Code Quality,Register,uses stylesheet create,Static Analysis,"Mobile source (React Native/Expo) — static analysis, no device needed",Pass,Found StyleSheet.create( in screens/auth/RegisterScreen.tsx,2026-07-29T06:26:49.920Z
MOB-STATIC-00268,UI/UX,Register,shows loading state during fetch,Static Analysis,"Mobile source (React Native/Expo) — static analysis, no device needed",Pass,Found ActivityIndicator/SkeletonLoader in screens/auth/RegisterScreen.tsx,2026-07-29T06:26:49.920Z
MOB-STATIC-00269,UI/UX,Register,handles empty state when no data,Static Analysis,"Mobile source (React Native/Expo) — static analysis, no device needed",Pass,Found empty-state handling pattern in screens/auth/RegisterScreen.tsx,2026-07-29T06:26:49.920Z
MOB-STATIC-00270,Functional,Register,flatlist or sectionlist has key extractor,Static Analysis,"Mobile source (React Native/Expo) — static analysis, no device needed",Pass,No FlatList/SectionList on this screen,2026-07-29T06:26:49.920Z
MOB-STATIC-00271,Code Quality,Register,typed props or navigation defined,Static Analysis,"Mobile source (React Native/Expo) — static analysis, no device needed",Pass,Found typed Props/navigation generic in screens/auth/RegisterScreen.tsx,2026-07-29T06:26:49.920Z
MOB-STATIC-00272,Code Quality,Register,no untyped any usage,Static Analysis,"Mobile source (React Native/Expo) — static analysis, no device needed",Fail,Found 3 `: any` usage(s) in screens/auth/RegisterScreen.tsx,2026-07-29T06:26:49.920Z
MOB-STATIC-00273,Mobile-Specific,Register,screen has testid coverage,Static Analysis,"Mobile source (React Native/Expo) — static analysis, no device needed",Pass,Found testID attribute(s) in screens/auth/RegisterScreen.tsx,2026-07-29T06:26:49.920Z
MOB-STATIC-00274,Functional,Register,imports service layer not raw fetch,Static Analysis,"Mobile source (React Native/Expo) — static analysis, no device needed",Pass,"services/hooks/context import=True, raw fetch()=not used in screens/auth/RegisterScreen.tsx",2026-07-29T06:26:49.920Z
MOB-STATIC-00275,Mobile-Specific,Register,no hardcoded backend url in screen,Static Analysis,"Mobile source (React Native/Expo) — static analysis, no device needed",Pass,No literal http(s):// URL in screen source,2026-07-29T06:26:49.920Z
MOB-STATIC-00276,UI/UX,Register,uses theme hook for colors,Static Analysis,"Mobile source (React Native/Expo) — static analysis, no device needed",Pass,Found useTheme() call in screens/auth/RegisterScreen.tsx,2026-07-29T06:26:49.920Z
MOB-STATIC-00277,UI/UX,Register,touchables have active opacity or pressable,Static Analysis,"Mobile source (React Native/Expo) — static analysis, no device needed",Pass,activeOpacity=/Pressable present in screens/auth/RegisterScreen.tsx,2026-07-29T06:26:49.920Z
MOB-STATIC-00278,Accessibility,Register,accessibility role declared on touchables,Static Analysis,"Mobile source (React Native/Expo) — static analysis, no device needed",Pass,Found accessibilityRole= among 11 touchable(s) in screens/auth/RegisterScreen.tsx,2026-07-29T06:26:49.920Z
MOB-STATIC-00279,Compatibility,Register,safe area inset applied to layout,Static Analysis,"Mobile source (React Native/Expo) — static analysis, no device needed",Pass,Found insets.top/insets.bottom usage in a style/layout in screens/auth/RegisterScreen.tsx,2026-07-29T06:26:49.920Z
MOB-STATIC-00280,UI/UX,Register,email input has correct keyboard type,Static Analysis,"Mobile source (React Native/Expo) — static analysis, no device needed",Pass,keyboardType= present in screens/auth/RegisterScreen.tsx,2026-07-29T06:26:49.920Z
MOB-STATIC-00281,Security,Register,password inputs use secure text entry,Static Analysis,"Mobile source (React Native/Expo) — static analysis, no device needed",Pass,secureTextEntry present in screens/auth/RegisterScreen.tsx,2026-07-29T06:26:49.920Z
MOB-STATIC-00282,Mobile-Specific,Register,animated values use native driver,Static Analysis,"Mobile source (React Native/Expo) — static analysis, no device needed",Pass,useNativeDriver: true present in screens/auth/RegisterScreen.tsx,2026-07-29T06:26:49.920Z
MOB-STATIC-00283,Code Quality,Register,component has default export,Static Analysis,"Mobile source (React Native/Expo) — static analysis, no device needed",Pass,Found export default in screens/auth/RegisterScreen.tsx,2026-07-29T06:26:49.920Z
MOB-STATIC-00284,Functional,Register,screen registered in a navigator,Static Analysis,"Mobile source (React Native/Expo) — static analysis, no device needed",Pass,Found import/reference of RegisterScreen in navigation/*Navigator.tsx,2026-07-29T06:26:49.920Z
MOB-STATIC-00285,Code Quality,Register,uses react fc typed component,Static Analysis,"Mobile source (React Native/Expo) — static analysis, no device needed",Pass,Found `: React.FC` typed component declaration in screens/auth/RegisterScreen.tsx,2026-07-29T06:26:49.920Z
MOB-STATIC-00286,Functional,Register,list items have stable keys in map,Static Analysis,"Mobile source (React Native/Expo) — static analysis, no device needed",Pass,key={...} present alongside .map( in screens/auth/RegisterScreen.tsx,2026-07-29T06:26:49.920Z
MOB-STATIC-00287,UI/UX,Register,scrollview has content container style,Static Analysis,"Mobile source (React Native/Expo) — static analysis, no device needed",Pass,contentContainerStyle present in screens/auth/RegisterScreen.tsx,2026-07-29T06:26:49.920Z
MOB-STATIC-00288,UI/UX,Register,uses vector icons library,Static Analysis,"Mobile source (React Native/Expo) — static analysis, no device needed",Pass,Found @expo/vector-icons import in screens/auth/RegisterScreen.tsx,2026-07-29T06:26:49.920Z
MOB-STATIC-00289,Code Quality,Register,screen file line count reasonable,Static Analysis,"Mobile source (React Native/Expo) — static analysis, no device needed",Pass,screens/auth/RegisterScreen.tsx is 446 lines (within the 700-line maintainability guideline),2026-07-29T06:26:49.921Z
MOB-STATIC-00290,UI/UX,Register,user facing error alert on catch,Static Analysis,"Mobile source (React Native/Expo) — static analysis, no device needed",Pass,Alert.alert( present alongside catch in screens/auth/RegisterScreen.tsx,2026-07-29T06:26:49.921Z
MOB-STATIC-00291,Compatibility,Forgot Password,safe area insets used,Static Analysis,"Mobile source (React Native/Expo) — static analysis, no device needed",Pass,Found useSafeAreaInsets() in screens/auth/ForgotPasswordScreen.tsx,2026-07-29T06:26:49.921Z
MOB-STATIC-00292,UI/UX,Forgot Password,keyboard avoiding view present,Static Analysis,"Mobile source (React Native/Expo) — static analysis, no device needed",Pass,KeyboardAvoidingView wraps the input field(s) in screens/auth/ForgotPasswordScreen.tsx,2026-07-29T06:26:49.921Z
MOB-STATIC-00293,Functional,Forgot Password,async calls have error handling,Static Analysis,"Mobile source (React Native/Expo) — static analysis, no device needed",Pass,try/catch present around async calls in screens/auth/ForgotPasswordScreen.tsx,2026-07-29T06:26:49.921Z
MOB-STATIC-00294,Accessibility,Forgot Password,interactive elements have accessibility hooks,Static Analysis,"Mobile source (React Native/Expo) — static analysis, no device needed",Pass,11 accessibilityLabel/testID attribute(s) found across 11 touchable element(s) in screens/auth/ForgotPasswordScreen.tsx,2026-07-29T06:26:49.921Z
MOB-STATIC-00295,Functional,Forgot Password,no leftover debug markers,Static Analysis,"Mobile source (React Native/Expo) — static analysis, no device needed",Pass,No console.log/TODO/FIXME markers found,2026-07-29T06:26:49.921Z
MOB-STATIC-00296,Code Quality,Forgot Password,uses stylesheet create,Static Analysis,"Mobile source (React Native/Expo) — static analysis, no device needed",Pass,Found StyleSheet.create( in screens/auth/ForgotPasswordScreen.tsx,2026-07-29T06:26:49.921Z
MOB-STATIC-00297,UI/UX,Forgot Password,shows loading state during fetch,Static Analysis,"Mobile source (React Native/Expo) — static analysis, no device needed",Pass,Found ActivityIndicator/SkeletonLoader in screens/auth/ForgotPasswordScreen.tsx,2026-07-29T06:26:49.921Z
MOB-STATIC-00298,UI/UX,Forgot Password,handles empty state when no data,Static Analysis,"Mobile source (React Native/Expo) — static analysis, no device needed",Fail,No empty-state handling pattern in screens/auth/ForgotPasswordScreen.tsx,2026-07-29T06:26:49.922Z
MOB-STATIC-00299,Functional,Forgot Password,flatlist or sectionlist has key extractor,Static Analysis,"Mobile source (React Native/Expo) — static analysis, no device needed",Pass,No FlatList/SectionList on this screen,2026-07-29T06:26:49.922Z
MOB-STATIC-00300,Code Quality,Forgot Password,typed props or navigation defined,Static Analysis,"Mobile source (React Native/Expo) — static analysis, no device needed",Pass,Found typed Props/navigation generic in screens/auth/ForgotPasswordScreen.tsx,2026-07-29T06:26:49.922Z
MOB-STATIC-00301,Code Quality,Forgot Password,no untyped any usage,Static Analysis,"Mobile source (React Native/Expo) — static analysis, no device needed",Fail,Found 1 `: any` usage(s) in screens/auth/ForgotPasswordScreen.tsx,2026-07-29T06:26:49.922Z
MOB-STATIC-00302,Mobile-Specific,Forgot Password,screen has testid coverage,Static Analysis,"Mobile source (React Native/Expo) — static analysis, no device needed",Pass,Found testID attribute(s) in screens/auth/ForgotPasswordScreen.tsx,2026-07-29T06:26:49.922Z
MOB-STATIC-00303,Functional,Forgot Password,imports service layer not raw fetch,Static Analysis,"Mobile source (React Native/Expo) — static analysis, no device needed",Pass,"services/hooks/context import=True, raw fetch()=not used in screens/auth/ForgotPasswordScreen.tsx",2026-07-29T06:26:49.922Z
MOB-STATIC-00304,Mobile-Specific,Forgot Password,no hardcoded backend url in screen,Static Analysis,"Mobile source (React Native/Expo) — static analysis, no device needed",Pass,No literal http(s):// URL in screen source,2026-07-29T06:26:49.922Z
MOB-STATIC-00305,UI/UX,Forgot Password,uses theme hook for colors,Static Analysis,"Mobile source (React Native/Expo) — static analysis, no device needed",Pass,Found useTheme() call in screens/auth/ForgotPasswordScreen.tsx,2026-07-29T06:26:49.922Z
MOB-STATIC-00306,UI/UX,Forgot Password,touchables have active opacity or pressable,Static Analysis,"Mobile source (React Native/Expo) — static analysis, no device needed",Pass,activeOpacity=/Pressable present in screens/auth/ForgotPasswordScreen.tsx,2026-07-29T06:26:49.922Z
MOB-STATIC-00307,Accessibility,Forgot Password,accessibility role declared on touchables,Static Analysis,"Mobile source (React Native/Expo) — static analysis, no device needed",Pass,Found accessibilityRole= among 11 touchable(s) in screens/auth/ForgotPasswordScreen.tsx,2026-07-29T06:26:49.922Z
MOB-STATIC-00308,Compatibility,Forgot Password,safe area inset applied to layout,Static Analysis,"Mobile source (React Native/Expo) — static analysis, no device needed",Pass,Found insets.top/insets.bottom usage in a style/layout in screens/auth/ForgotPasswordScreen.tsx,2026-07-29T06:26:49.922Z
MOB-STATIC-00309,UI/UX,Forgot Password,email input has correct keyboard type,Static Analysis,"Mobile source (React Native/Expo) — static analysis, no device needed",Fail,Email input without keyboardType= in screens/auth/ForgotPasswordScreen.tsx,2026-07-29T06:26:49.922Z
MOB-STATIC-00310,Security,Forgot Password,password inputs use secure text entry,Static Analysis,"Mobile source (React Native/Expo) — static analysis, no device needed",Pass,secureTextEntry present in screens/auth/ForgotPasswordScreen.tsx,2026-07-29T06:26:49.922Z
MOB-STATIC-00311,Mobile-Specific,Forgot Password,animated values use native driver,Static Analysis,"Mobile source (React Native/Expo) — static analysis, no device needed",Pass,useNativeDriver: true present in screens/auth/ForgotPasswordScreen.tsx,2026-07-29T06:26:49.922Z
MOB-STATIC-00312,Code Quality,Forgot Password,component has default export,Static Analysis,"Mobile source (React Native/Expo) — static analysis, no device needed",Pass,Found export default in screens/auth/ForgotPasswordScreen.tsx,2026-07-29T06:26:49.922Z
MOB-STATIC-00313,Functional,Forgot Password,screen registered in a navigator,Static Analysis,"Mobile source (React Native/Expo) — static analysis, no device needed",Pass,Found import/reference of ForgotPasswordScreen in navigation/*Navigator.tsx,2026-07-29T06:26:49.922Z
MOB-STATIC-00314,Code Quality,Forgot Password,uses react fc typed component,Static Analysis,"Mobile source (React Native/Expo) — static analysis, no device needed",Pass,Found `: React.FC` typed component declaration in screens/auth/ForgotPasswordScreen.tsx,2026-07-29T06:26:49.922Z
MOB-STATIC-00315,Functional,Forgot Password,list items have stable keys in map,Static Analysis,"Mobile source (React Native/Expo) — static analysis, no device needed",Pass,No .map( rendering on this screen,2026-07-29T06:26:49.922Z
MOB-STATIC-00316,UI/UX,Forgot Password,scrollview has content container style,Static Analysis,"Mobile source (React Native/Expo) — static analysis, no device needed",Pass,contentContainerStyle present in screens/auth/ForgotPasswordScreen.tsx,2026-07-29T06:26:49.922Z
MOB-STATIC-00317,UI/UX,Forgot Password,uses vector icons library,Static Analysis,"Mobile source (React Native/Expo) — static analysis, no device needed",Pass,Found @expo/vector-icons import in screens/auth/ForgotPasswordScreen.tsx,2026-07-29T06:26:49.922Z
MOB-STATIC-00318,Code Quality,Forgot Password,screen file line count reasonable,Static Analysis,"Mobile source (React Native/Expo) — static analysis, no device needed",Pass,screens/auth/ForgotPasswordScreen.tsx is 416 lines (within the 700-line maintainability guideline),2026-07-29T06:26:49.922Z
MOB-STATIC-00319,UI/UX,Forgot Password,user facing error alert on catch,Static Analysis,"Mobile source (React Native/Expo) — static analysis, no device needed",Pass,Alert.alert( present alongside catch in screens/auth/ForgotPasswordScreen.tsx,2026-07-29T06:26:49.922Z
MOB-STATIC-00320,Mobile-Specific,System,deep link scheme configured,Static Analysis,"Mobile source (React Native/Expo) — static analysis, no device needed",Pass,"app.json scheme='burnoutai', found in AndroidManifest.xml intent-filter",2026-07-29T06:26:49.925Z
MOB-STATIC-00321,Mobile-Specific,System,orientation lock declared,Static Analysis,"Mobile source (React Native/Expo) — static analysis, no device needed",Pass,app.json orientation='portrait',2026-07-29T06:26:49.925Z
MOB-STATIC-00322,Mobile-Specific,System,application id consistent app json and gradle,Static Analysis,"Mobile source (React Native/Expo) — static analysis, no device needed",Pass,app.json android.package='com.burnoutai.mobile' vs build.gradle applicationId='com.burnoutai.mobile',2026-07-29T06:26:49.925Z
MOB-STATIC-00323,Mobile-Specific,System,gradle wrapper version pinned,Static Analysis,"Mobile source (React Native/Expo) — static analysis, no device needed",Pass,zipStorePath=wrapper/dists,2026-07-29T06:26:49.925Z
MOB-STATIC-00324,Mobile-Specific,System,demo login path available for ci,Static Analysis,"Mobile source (React Native/Expo) — static analysis, no device needed",Pass,demoLogin()/demo-session mock path confirmed in AuthContext.tsx + services/api.ts — usable for CI without a live backend,2026-07-29T06:26:49.926Z
MOB-STATIC-00325,Mobile-Specific,System,testid coverage added for appium,Static Analysis,"Mobile source (React Native/Expo) — static analysis, no device needed",Pass,28 testID attributes present across auth + core screens for reliable Appium locators,2026-07-29T06:26:49.926Z
MOB-STATIC-00326,Security,System,auth token storage mechanism is secure store,Static Analysis,"Mobile source (React Native/Expo) — static analysis, no device needed",Fail,"services/storage.ts stores the auth token via @react-native-async-storage/async-storage, not expo-secure-store",2026-07-29T06:26:49.928Z
MOB-STATIC-00327,Functional,System,api response error interceptor present,Static Analysis,"Mobile source (React Native/Expo) — static analysis, no device needed",Pass,Found interceptors.response.use( in services/api.ts,2026-07-29T06:26:49.928Z
MOB-STATIC-00328,Functional,System,api request interceptor attaches auth token,Static Analysis,"Mobile source (React Native/Expo) — static analysis, no device needed",Pass,Found interceptors.request.use(...) attaching Authorization header in services/api.ts,2026-07-29T06:26:49.928Z
MOB-STATIC-00329,Functional,System,session expiry 401 handled,Static Analysis,"Mobile source (React Native/Expo) — static analysis, no device needed",Pass,Found 401 handling wired to onSessionExpired() in services/api.ts,2026-07-29T06:26:49.928Z
MOB-STATIC-00330,Mobile-Specific,System,api base url uses expo public env var,Static Analysis,"Mobile source (React Native/Expo) — static analysis, no device needed",Pass,Found EXPO_PUBLIC_-prefixed env var for API base URL in services/api.ts,2026-07-29T06:26:49.928Z
MOB-STATIC-00331,Functional,System,api client has request timeout configured,Static Analysis,"Mobile source (React Native/Expo) — static analysis, no device needed",Pass,Found numeric timeout: on the axios client in services/api.ts,2026-07-29T06:26:49.928Z
MOB-STATIC-00332,Code Quality,System,no raw fetch calls in services layer,Static Analysis,"Mobile source (React Native/Expo) — static analysis, no device needed",Pass,"services/api.ts uses axios exclusively, no raw fetch(",2026-07-29T06:26:49.928Z
MOB-STATIC-00333,Mobile-Specific,System,package json dependencies pinned no wildcard,Static Analysis,"Mobile source (React Native/Expo) — static analysis, no device needed",Pass,No `*`/`latest` dependency versions in package.json,2026-07-29T06:26:49.928Z
MOB-STATIC-00334,Code Quality,System,package json devdependencies include typescript,Static Analysis,"Mobile source (React Native/Expo) — static analysis, no device needed",Pass,Found typescript in package.json devDependencies,2026-07-29T06:26:49.928Z
MOB-STATIC-00335,Security,System,android camera permission matches camera usage,Static Analysis,"Mobile source (React Native/Expo) — static analysis, no device needed",Pass,"CAMERA permission declared=True, expo-camera actually imported in a screen=True",2026-07-29T06:26:49.928Z
MOB-STATIC-00336,Security,System,android audio permission matches audio usage,Static Analysis,"Mobile source (React Native/Expo) — static analysis, no device needed",Fail,"Audio permission(s) declared=True, expo-av actually imported in a screen=False -- permission/usage mismatch",2026-07-29T06:26:49.928Z
MOB-STATIC-00337,Security,System,android vibrate permission matches haptics usage,Static Analysis,"Mobile source (React Native/Expo) — static analysis, no device needed",Pass,"VIBRATE permission declared=True, expo-haptics actually imported somewhere=True",2026-07-29T06:26:49.928Z
MOB-STATIC-00338,Mobile-Specific,System,android internet permission declared,Static Analysis,"Mobile source (React Native/Expo) — static analysis, no device needed",Pass,Found android.permission.INTERNET in AndroidManifest.xml,2026-07-29T06:26:49.928Z
MOB-STATIC-00339,Mobile-Specific,System,app icon asset exists on disk,Static Analysis,"Mobile source (React Native/Expo) — static analysis, no device needed",Pass,app.json expo.icon='./assets/icon.png' -> found on disk,2026-07-29T06:26:49.928Z
MOB-STATIC-00340,Mobile-Specific,System,splash asset exists on disk,Static Analysis,"Mobile source (React Native/Expo) — static analysis, no device needed",Pass,app.json expo.splash.image='./assets/splash.png' -> found on disk,2026-07-29T06:26:49.928Z
MOB-STATIC-00341,Mobile-Specific,System,adaptive icon asset exists on disk,Static Analysis,"Mobile source (React Native/Expo) — static analysis, no device needed",Pass,app.json expo.android.adaptiveIcon.foregroundImage='./assets/adaptive-icon.png' -> found on disk,2026-07-29T06:26:49.928Z
MOB-STATIC-00342,Mobile-Specific,System,app version string is semver,Static Analysis,"Mobile source (React Native/Expo) — static analysis, no device needed",Pass,app.json expo.version='1.0.0',2026-07-29T06:26:49.928Z
MOB-STATIC-00343,Mobile-Specific,System,android version code is valid integer,Static Analysis,"Mobile source (React Native/Expo) — static analysis, no device needed",Pass,build.gradle versionCode=1,2026-07-29T06:26:49.928Z
MOB-STATIC-00344,Mobile-Specific,System,android min and target sdk referenced,Static Analysis,"Mobile source (React Native/Expo) — static analysis, no device needed",Pass,Found minSdkVersion/targetSdkVersion references in build.gradle,2026-07-29T06:26:49.928Z
MOB-STATIC-00345,UI/UX,System,dark and light theme colors both defined,Static Analysis,"Mobile source (React Native/Expo) — static analysis, no device needed",Pass,Found both DarkColors and LightColors exports in constants/colors.ts,2026-07-29T06:26:49.928Z
MOB-STATIC-00346,Functional,System,theme context exposes provider and hook,Static Analysis,"Mobile source (React Native/Expo) — static analysis, no device needed",Pass,Found ThemeProvider + useTheme exports in context/ThemeContext.tsx,2026-07-29T06:26:49.928Z
MOB-STATIC-00347,Code Quality,System,navigation param lists are typed,Static Analysis,"Mobile source (React Native/Expo) — static analysis, no device needed",Pass,Found 3 exported `*ParamList` type(s) across AppNavigator/TabNavigator/AuthNavigator,2026-07-29T06:26:49.928Z
MOB-STATIC-00348,Mobile-Specific,System,deep link intent filter has browsable category,Static Analysis,"Mobile source (React Native/Expo) — static analysis, no device needed",Pass,Found BROWSABLE category on the 'burnoutai' scheme intent-filter in AndroidManifest.xml,2026-07-29T06:26:49.928Z
MOB-STATIC-00349,Mobile-Specific,System,app stack uses stack navigator,Static Analysis,"Mobile source (React Native/Expo) — static analysis, no device needed",Pass,Found createStackNavigator() in navigation/AppNavigator.tsx (needed for hardware back-button support),2026-07-29T06:26:49.928Z
MOB-STATIC-00350,Mobile-Specific,System,bottom tab navigator used for main tabs,Static Analysis,"Mobile source (React Native/Expo) — static analysis, no device needed",Pass,Found createBottomTabNavigator() in navigation/TabNavigator.tsx,2026-07-29T06:26:49.928Z
MOB-STATIC-00351,Code Quality,System,auth and app navigation stacks are separate files,Static Analysis,"Mobile source (React Native/Expo) — static analysis, no device needed",Pass,Found distinct AuthNavigator.tsx and AppNavigator.tsx files,2026-07-29T06:26:49.928Z
MOB-STATIC-00352,Security,System,gradle wrapper distribution uses https,Static Analysis,"Mobile source (React Native/Expo) — static analysis, no device needed",Pass,Gradle wrapper downloads its distribution over https://,2026-07-29T06:26:49.928Z
MOB-STATIC-00353,Mobile-Specific,System,proguard rules referenced for release builds,Static Analysis,"Mobile source (React Native/Expo) — static analysis, no device needed",Pass,Found proguard-android.txt + proguard-rules.pro references in build.gradle,2026-07-29T06:26:49.928Z
MOB-STATIC-00354,Mobile-Specific,System,android namespace matches application id,Static Analysis,"Mobile source (React Native/Expo) — static analysis, no device needed",Pass,build.gradle namespace='com.burnoutai.mobile' vs applicationId='com.burnoutai.mobile',2026-07-29T06:26:49.928Z
MOB-STATIC-00355,Mobile-Specific,System,hermes or jsc engine configured,Static Analysis,"Mobile source (React Native/Expo) — static analysis, no device needed",Pass,Found hermesEnabled/jscFlavor engine toggle in build.gradle,2026-07-29T06:26:49.928Z
MOB-LIVE-00001,Functional,System,app launches and is foreground,Manual/Device,"Mobile (React Native/Expo, real native debug build) — live Appium session",Pass,current_package=com.burnoutai.mobile,2026-07-29T06:27:46.257Z
MOB-LIVE-00002,Functional,Register,real registration flow completes,Manual/Device,"Mobile (React Native/Expo, real native debug build) — live Appium session",Pass,Registered appium.a64fde42@healthsense.test through the real 3-step Register screen — submitted to the live backend,2026-07-29T06:28:03.863Z
MOB-LIVE-00003,Functional,Dashboard,reaches main app after login,Manual/Device,"Mobile (React Native/Expo, real native debug build) — live Appium session",Pass,Bottom tab bar with 'Home' tab visible after real registration,2026-07-29T06:28:04.918Z
MOB-LIVE-00004,UI/UX,Dashboard,tab home reachable,Manual/Device,"Mobile (React Native/Expo, real native debug build) — live Appium session",Pass,"Tapped 'Home' tab, app did not crash",2026-07-29T06:28:06.677Z
MOB-LIVE-00005,UI/UX,Sleep,tab sleep reachable,Manual/Device,"Mobile (React Native/Expo, real native debug build) — live Appium session",Pass,"Tapped 'Sleep' tab, app did not crash",2026-07-29T06:28:08.633Z
MOB-LIVE-00006,UI/UX,Emotion,tab emotion reachable,Manual/Device,"Mobile (React Native/Expo, real native debug build) — live Appium session",Pass,"Tapped 'Emotion' tab, app did not crash",2026-07-29T06:28:10.850Z
MOB-LIVE-00007,UI/UX,Activity,tab activity reachable,Manual/Device,"Mobile (React Native/Expo, real native debug build) — live Appium session",Pass,"Tapped 'Activity' tab, app did not crash",2026-07-29T06:28:12.505Z
MOB-LIVE-00008,UI/UX,Profile,tab profile reachable,Manual/Device,"Mobile (React Native/Expo, real native debug build) — live Appium session",Pass,"Tapped 'Profile' tab, app did not crash",2026-07-29T06:28:14.231Z
MOB-LIVE-00009,Mobile-Specific,System,swipe gesture handled,Manual/Device,"Mobile (React Native/Expo, real native debug build) — live Appium session",Pass,Performed a real swipe gesture via adb/UiAutomator2 on the current screen,2026-07-29T06:28:16.424Z
MOB-LIVE-00010,Compatibility,System,device rotation handled,Manual/Device,"Mobile (React Native/Expo, real native debug build) — live Appium session",Pass,"Rotation request rejected — consistent with app.json's intentional portrait lock: Message: Screen rotation cannot be changed to ROTATION_270 after 2000ms. Is it locked programmatically?
Stacktrace:
io.appium.uiautomator2.common.exceptions.InvalidElementStateException: Screen rotation cannot be changed to ROTATION_270 after 2000ms. Is it locked programmatically?
	at io.appium.uiautomator2.model.internal.CustomUiDevice.setRotationSync(CustomUiDevice.java:226)
	at io.appium.uiautomator2.handler.SetOrientation.safeHandle(SetOrientation.java:41)
	at io.appium.uiautomator2.handler.request.SafeRequestHandler.handle(SafeRequestHandler.java:59)
	at io.appium.uiautomator2.server.AppiumServlet.handleRequest(AppiumServlet.java:267)
	at io.appium.uiautomator2.server.AppiumServlet.handleHttpRequest(AppiumServlet.java:261)
	at io.appium.uiautomator2.http.ServerHandler.channelRead(ServerHandler.java:77)
	at io.netty.channel.AbstractChannelHandlerContext.fireChannelRead(AbstractChannelHandlerContext.java:357)
	at io.netty.handler.codec.MessageToMessageDecoder.channelRead(MessageToMessageDecoder.java:107)
	at io.netty.channel.AbstractChannelHandlerContext.fireChannelRead(AbstractChannelHandlerContext.java:357)
	at io.netty.channel.CombinedChannelDuplexHandler$DelegatingChannelHandlerContext.fireChannelRead(CombinedChannelDuplexHandler.java:434)
	at io.netty.handler.codec.ByteToMessageDecoder.fireChannelRead(ByteToMessageDecoder.java:361)
	at io.netty.handler.codec.ByteToMessageDecoder.channelRead(ByteToMessageDecoder.java:325)
	at io.netty.channel.CombinedChannelDuplexHandler.channelRead(CombinedChannelDuplexHandler.java:249)
	at io.netty.channel.AbstractChannelHandlerContext.fireChannelRead(AbstractChannelHandlerContext.java:355)
	at io.netty.handler.timeout.IdleStateHandler.channelRead(IdleStateHandler.java:288)
	at io.netty.channel.AbstractChannelHandlerContext.fireChannelRead(AbstractChannelHandlerContext.java:355)
	at io.netty.channel.DefaultChannelPipeline$HeadContext.channelRead(DefaultChannelPipeline.java:1429)
	at io.netty.channel.DefaultChannelPipeline.fireChannelRead(DefaultChannelPipeline.java:918)
	at io.netty.channel.nio.AbstractNioByteChannel$NioByteUnsafe.read(AbstractNioByteChannel.java:176)
	at io.netty.channel.nio.AbstractNioChannel$AbstractNioUnsafe.handle(AbstractNioChannel.java:445)
	at io.netty.channel.nio.NioIoHandler$DefaultNioRegistration.handle(NioIoHandler.java:388)
	at io.netty.channel.nio.NioIoHandler.processSelectedKey(NioIoHandler.java:596)
	at io.netty.channel.nio.NioIoHandler.processSelectedKeysOptimized(NioIoHandler.java:571)
	at io.netty.channel.nio.NioIoHandler.processSelectedKeys(NioIoHandler.java:512)
	at io.netty.channel.nio.NioIoHandler.run(NioIoHandler.java:484)
	at io.netty.channel.SingleThreadIoEventLoop.runIo(SingleThreadIoEventLoop.java:225)
	at io.netty.channel.SingleThreadIoEventLoop.run(SingleThreadIoEventLoop.java:196)
	at io.netty.util.concurrent.SingleThreadEventExecutor$5.run(SingleThreadEventExecutor.java:1204)
	at io.netty.util.internal.ThreadExecutorMap$2.run(ThreadExecutorMap.java:74)
	at io.netty.util.concurrent.FastThreadLocalRunnable.run(FastThreadLocalRunnable.java:30)
	at java.lang.Thread.run(Thread.java:1012)
",2026-07-29T06:28:18.515Z
MOB-LIVE-00011,Mobile-Specific,System,background and resume handled,Manual/Device,"Mobile (React Native/Expo, real native debug build) — live Appium session",Pass,"App resumed to foreground after backgrounding, current_package=com.burnoutai.mobile",2026-07-29T06:28:21.901Z
MOB-LIVE-00012,Mobile-Specific,System,deep link scheme opens app,Manual/Device,"Mobile (React Native/Expo, real native debug build) — live Appium session",Pass,burnoutai:// deep link opened the app via adb,2026-07-29T06:28:24.055Z
MOB-LIVE-00013,Compatibility,System,hardware back button no crash,Manual/Device,"Mobile (React Native/Expo, real native debug build) — live Appium session",Pass,Hardware back button handled without app crash,2026-07-29T06:28:25.574Z
MOB-LIVE-00014,Functional,Profile,logout flow returns to login screen,Manual/Device,"Mobile (React Native/Expo, real native debug build) — live Appium session",Pass,profile-logout-button + the real Sign Out confirmation dialog cleared the session and the real Login screen reappeared,2026-07-29T06:28:40.125Z
MOB-LIVE-00015,Functional,Login,login username input present,Manual/Device,"Mobile (React Native/Expo, real native debug build) — live Appium session",Pass,login-username-input TextInput found on the real Login screen,2026-07-29T06:28:40.141Z
MOB-LIVE-00016,Functional,Login,login password input present,Manual/Device,"Mobile (React Native/Expo, real native debug build) — live Appium session",Pass,login-password-input TextInput found on the real Login screen,2026-07-29T06:28:40.155Z
MOB-LIVE-00017,UI/UX,Login,login password visibility toggle toggles without crash,Manual/Device,"Mobile (React Native/Expo, real native debug build) — live Appium session",Pass,"login-password-toggle tapped; login-password-input still present, no crash",2026-07-29T06:28:41.526Z
MOB-LIVE-00018,Mobile-Specific,Login,login demo button present for ci bypass,Manual/Device,"Mobile (React Native/Expo, real native debug build) — live Appium session",Pass,login-demo-button (AuthContext.demoLogin() bypass) found on the real Login screen,2026-07-29T06:28:41.631Z
MOB-LIVE-00019,Functional,Forgot Password,navigate to forgot password screen,Manual/Device,"Mobile (React Native/Expo, real native debug build) — live Appium session",Pass,login-forgot-password-link navigated to the real ForgotPasswordScreen,2026-07-29T06:28:43.853Z
MOB-LIVE-00020,Functional,Forgot Password,forgot password validation blocks empty submit,Manual/Device,"Mobile (React Native/Expo, real native debug build) — live Appium session",Pass,Empty submit correctly blocked by the real client-side Alert.alert: Missing Fields,2026-07-29T06:28:45.134Z
MOB-LIVE-00021,Functional,Forgot Password,forgot password back to login link returns,Manual/Device,"Mobile (React Native/Expo, real native debug build) — live Appium session",Pass,forgot-password-back-to-login-link returned to the real Login screen,2026-07-29T06:28:47.735Z
MOB-LIVE-00022,Functional,Register,registration flow with age and gender completes,Manual/Device,"Mobile (React Native/Expo, real native debug build) — live Appium session",Pass,"Registered appium.ag.debea99b@healthsense.test through Register step 2, filling the real register-age-input and register-gender-option-male controls before submitting to the live backend",2026-07-29T06:29:04.207Z
MOB-LIVE-00023,Functional,Dashboard,dashboard reached after second registration,Manual/Device,"Mobile (React Native/Expo, real native debug build) — live Appium session",Pass,Bottom tab bar with 'Home' tab visible after the second real registration,2026-07-29T06:29:04.394Z
MOB-LIVE-00024,Functional,Analytics,navigate to analytics screen via dashboard link,Manual/Device,"Mobile (React Native/Expo, real native debug build) — live Appium session",Pass,Tapped the real 'View Analytics ->' link on DashboardScreen,2026-07-29T06:29:06.616Z
MOB-LIVE-00025,Functional,Analytics,analytics screen shows overall wellness metric,Manual/Device,"Mobile (React Native/Expo, real native debug build) — live Appium session",Pass,AnalyticsScreen rendered its real 'Overall Wellness' section after navigation,2026-07-29T06:29:06.767Z
MOB-LIVE-00026,Compatibility,Analytics,back button returns from analytics to dashboard,Manual/Device,"Mobile (React Native/Expo, real native debug build) — live Appium session",Pass,"Hardware back returned from Analytics to the main tab bar without a crash (was already on a root tab, so back was skipped=False)",2026-07-29T06:29:10.892Z
MOB-LIVE-00027,Functional,Phone Usage,navigate to phone usage screen via metric card,Manual/Device,"Mobile (React Native/Expo, real native debug build) — live Appium session",Pass,Tapped the real 'Phone Usage' MetricCard on DashboardScreen and reached PhoneUsageScreen,2026-07-29T06:29:13.173Z
MOB-LIVE-00028,Compatibility,Phone Usage,back button returns from phone usage to dashboard,Manual/Device,"Mobile (React Native/Expo, real native debug build) — live Appium session",Pass,"Hardware back returned from Phone Usage to the main tab bar without a crash (was already on a root tab, so back was skipped=False)",2026-07-29T06:29:17.297Z
MOB-LIVE-00029,Functional,Profile,logout after second registration,Manual/Device,"Mobile (React Native/Expo, real native debug build) — live Appium session",Pass,Logged out again (confirming the real Sign Out dialog); the real Login screen reappeared,2026-07-29T06:29:28.433Z
MOB-LIVE-00030,Functional,Login,demo login button signs in without backend,Manual/Device,"Mobile (React Native/Expo, real native debug build) — live Appium session",Pass,login-demo-button (AuthContext.demoLogin()) signed in locally with no backend call,2026-07-29T06:29:30.698Z
MOB-LIVE-00031,Functional,Dashboard,dashboard reached via demo login,Manual/Device,"Mobile (React Native/Expo, real native debug build) — live Appium session",Pass,"DashboardScreen greeted the real demo user by first name ('Alex', from MOCK_USER.full_name) after demo login",2026-07-29T06:29:30.751Z
MOB-LIVE-00032,Functional,Recommendations,recommendations screen reachable with demo data,Manual/Device,"Mobile (React Native/Expo, real native debug build) — live Appium session",Pass,"Tapped the real 'See all ->' recommendations link, rendered because Demo Mode's MOCK_BURNOUT always has a recommendation",2026-07-29T06:29:34.544Z
MOB-LIVE-00033,Functional,Recommendations,recommendations screen lists a real recommendation card,Manual/Device,"Mobile (React Native/Expo, real native debug build) — live Appium session",Pass,RecommendationsScreen rendered the real MOCK_BURNOUT recommendation card title,2026-07-29T06:29:34.583Z
MOB-LIVE-00034,Compatibility,Recommendations,back button returns from recommendations to dashboard,Manual/Device,"Mobile (React Native/Expo, real native debug build) — live Appium session",Pass,"Hardware back returned from Recommendations to the main tab bar without a crash (was already on a root tab, so back was skipped=False)",2026-07-29T06:29:38.415Z
MOB-LIVE-00035,UI/UX,Sleep,sleep tab shows header after tap,Manual/Device,"Mobile (React Native/Expo, real native debug build) — live Appium session",Pass,SleepScreen rendered its real 'Sleep Tracker' header after tapping the Sleep tab,2026-07-29T06:29:40.095Z
MOB-LIVE-00036,Functional,Sleep,sleep screen log button present,Manual/Device,"Mobile (React Native/Expo, real native debug build) — live Appium session",Pass,SleepScreen's real 'Save Sleep Record' submit button is present,2026-07-29T06:29:43.088Z
MOB-LIVE-00037,UI/UX,Emotion,emotion tab shows header after tap,Manual/Device,"Mobile (React Native/Expo, real native debug build) — live Appium session",Pass,EmotionScreen rendered its real 'Emotion Check' header after tapping the Emotion tab,2026-07-29T06:29:44.724Z
MOB-LIVE-00038,UI/UX,Activity,activity tab shows header after tap,Manual/Device,"Mobile (React Native/Expo, real native debug build) — live Appium session",Pass,ActivityScreen rendered its real 'Activity Tracker' header after tapping the Activity tab,2026-07-29T06:29:46.847Z
MOB-LIVE-00039,Functional,Profile,profile screen shows authenticated username,Manual/Device,"Mobile (React Native/Expo, real native debug build) — live Appium session",Pass,ProfileScreen rendered the real demo user's user.full_name ('Alex Johnson'),2026-07-29T06:29:48.519Z
MOB-LIVE-00040,Accessibility,Dashboard,dashboard notification bell button present,Manual/Device,"Mobile (React Native/Expo, real native debug build) — live Appium session",Pass,Notification bell (accessibilityLabel='Notifications') found on the real Dashboard header,2026-07-29T06:29:59.143Z
MOB-LIVE-00041,Mobile-Specific,Dashboard,dashboard pull to refresh gesture handled,Manual/Device,"Mobile (React Native/Expo, real native debug build) — live Appium session",Pass,"Performed a real pull-down gesture over DashboardScreen's real RefreshControl; app stayed foregrounded, current_package=com.burnoutai.mobile",2026-07-29T06:30:01.830Z
MOB-LIVE-00042,Functional,Login,invalid login credentials show error without crash,Manual/Device,"Mobile (React Native/Expo, real native debug build) — live Appium session",Pass,"Submitted invalid real credentials to the live backend; the app surfaced the failure without crashing, current_package=com.burnoutai.mobile",2026-07-29T06:30:18.743Z
MOB-LIVE-00043,Functional,Register,register password mismatch blocks step advance,Manual/Device,"Mobile (React Native/Expo, real native debug build) — live Appium session",Pass,"Mismatched passwords correctly blocked step advance (register-confirm-password-input still present, register-age-input never reached); abandoned via register-back-button",2026-07-29T06:30:30.883Z
MOB-LIVE-00044,Compatibility,Login,login keyboard dismiss preserves input text,Manual/Device,"Mobile (React Native/Expo, real native debug build) — live Appium session",Pass,login-username-input retained 'appium_kbd_probe' after a back-key press dismissed the keyboard (expected 'appium_kbd_probe'),2026-07-29T06:30:35.198Z
MOB-LIVE-00045,Compatibility,System,no crash dialog present at suite end,Manual/Device,"Mobile (React Native/Expo, real native debug build) — live Appium session",Pass,"End-of-suite invariant check: current_package=com.burnoutai.mobile, ANR/crash dialog present=False",2026-07-29T06:30:35.800Z
